Id,Cover_Type
0,Douglas-fir
1,Douglas-fir
2,Spruce/Fir
3,Spruce/Fir
4,Ponderosa Pine
5,Aspen
6,Spruce/Fir
7,Lodgepole Pine
8,Douglas-fir
9,Ponderosa Pine
10,Aspen
11,Lodgepole Pine
12,Ponderosa Pine
13,Aspen
14,Aspen
15,Cottonwood/Willow
16,Lodgepole Pine
17,Spruce/Fir
18,Lodgepole Pine
19,Cottonwood/Willow
20,Lodgepole Pine
21,Ponderosa Pine
22,Lodgepole Pine
23,Spruce/Fir
24,Spruce/Fir
25,Cottonwood/Willow
26,Douglas-fir
27,Krummholz
28,Cottonwood/Willow
29,Ponderosa Pine
30,Krummholz
31,Douglas-fir
32,Aspen
33,Spruce/Fir
34,Douglas-fir
35,Ponderosa Pine
36,Cottonwood/Willow
37,Douglas-fir
38,Aspen
39,Aspen
40,Ponderosa Pine
41,Aspen
42,Douglas-fir
43,Cottonwood/Willow
44,Ponderosa Pine
45,Aspen
46,Lodgepole Pine
47,Douglas-fir
48,Lodgepole Pine
49,Lodgepole Pine
50,Cottonwood/Willow
51,Spruce/Fir
52,Ponderosa Pine
53,Spruce/Fir
54,Ponderosa Pine
55,Lodgepole Pine
56,Douglas-fir
57,Cottonwood/Willow
58,Spruce/Fir
59,Aspen
60,Aspen
61,Krummholz
62,Aspen
63,Krummholz
64,Lodgepole Pine
65,Aspen
66,Aspen
67,Spruce/Fir
68,Douglas-fir
69,Aspen
70,Douglas-fir
71,Douglas-fir
72,Aspen
73,Spruce/Fir
74,Douglas-fir
75,Cottonwood/Willow
76,Lodgepole Pine
77,Douglas-fir
78,Ponderosa Pine
79,Aspen
80,Krummholz
81,Ponderosa Pine
82,Spruce/Fir
83,Ponderosa Pine
84,Spruce/Fir
85,Aspen
86,Douglas-fir
87,Spruce/Fir
88,Aspen
89,Aspen
90,Douglas-fir
91,Krummholz
92,Krummholz
93,Cottonwood/Willow
94,Cottonwood/Willow
95,Aspen
96,Aspen
97,Spruce/Fir
98,Ponderosa Pine
99,Krummholz
100,Spruce/Fir
101,Aspen
102,Ponderosa Pine
103,Aspen
104,Krummholz
105,Krummholz
106,Douglas-fir
107,Douglas-fir
108,Cottonwood/Willow
109,Spruce/Fir
110,Spruce/Fir
111,Lodgepole Pine
112,Spruce/Fir
113,Lodgepole Pine
114,Spruce/Fir
115,Aspen
116,Krummholz
117,Lodgepole Pine
118,Spruce/Fir
119,Krummholz
120,Spruce/Fir
121,Ponderosa Pine
122,Aspen
123,Douglas-fir
124,Spruce/Fir
125,Lodgepole Pine
126,Lodgepole Pine
127,Spruce/Fir
128,Douglas-fir
129,Aspen
130,Ponderosa Pine
131,Lodgepole Pine
132,Lodgepole Pine
133,Aspen
134,Ponderosa Pine
135,Krummholz
136,Lodgepole Pine
137,Krummholz
138,Krummholz
139,Krummholz
140,Lodgepole Pine
141,Krummholz
142,Aspen
143,Douglas-fir
144,Ponderosa Pine
145,Krummholz
146,Krummholz
147,Spruce/Fir
148,Aspen
149,Aspen
150,Krummholz
151,Ponderosa Pine
152,Ponderosa Pine
153,Cottonwood/Willow
154,Spruce/Fir
155,Lodgepole Pine
156,Aspen
157,Cottonwood/Willow
158,Ponderosa Pine
159,Ponderosa Pine
160,Aspen
161,Aspen
162,Aspen
163,Spruce/Fir
164,Aspen
165,Aspen
166,Cottonwood/Willow
167,Spruce/Fir
168,Aspen
169,Cottonwood/Willow
170,Krummholz
171,Spruce/Fir
172,Lodgepole Pine
173,Krummholz
174,Spruce/Fir
175,Lodgepole Pine
176,Ponderosa Pine
177,Cottonwood/Willow
178,Lodgepole Pine
179,Aspen
180,Krummholz
181,Aspen
182,Spruce/Fir
183,Krummholz
184,Ponderosa Pine
185,Lodgepole Pine
186,Spruce/Fir
187,Lodgepole Pine
188,Krummholz
189,Krummholz
190,Ponderosa Pine
191,Ponderosa Pine
192,Douglas-fir
193,Ponderosa Pine
194,Cottonwood/Willow
195,Ponderosa Pine
196,Cottonwood/Willow
197,Spruce/Fir
198,Krummholz
199,Krummholz
200,Aspen
201,Aspen
202,Cottonwood/Willow
203,Ponderosa Pine
204,Douglas-fir
205,Douglas-fir
206,Lodgepole Pine
207,Krummholz
208,Spruce/Fir
209,Krummholz
210,Spruce/Fir
211,Spruce/Fir
212,Lodgepole Pine
213,Spruce/Fir
214,Lodgepole Pine
215,Cottonwood/Willow
216,Lodgepole Pine
217,Lodgepole Pine
218,Ponderosa Pine
219,Lodgepole Pine
220,Krummholz
221,Douglas-fir
222,Cottonwood/Willow
223,Ponderosa Pine
224,Ponderosa Pine
225,Ponderosa Pine
226,Ponderosa Pine
227,Douglas-fir
228,Krummholz
229,Krummholz
230,Ponderosa Pine
231,Lodgepole Pine
232,Cottonwood/Willow
233,Douglas-fir
234,Cottonwood/Willow
235,Douglas-fir
236,Cottonwood/Willow
237,Krummholz
238,Cottonwood/Willow
239,Douglas-fir
240,Spruce/Fir
241,Douglas-fir
242,Krummholz
243,Ponderosa Pine
244,Douglas-fir
245,Aspen
246,Krummholz
247,Spruce/Fir
248,Douglas-fir
249,Ponderosa Pine
250,Aspen
251,Ponderosa Pine
252,Ponderosa Pine
253,Aspen
254,Ponderosa Pine
255,Spruce/Fir
256,Krummholz
257,Ponderosa Pine
258,Spruce/Fir
259,Krummholz
260,Douglas-fir
261,Aspen
262,Aspen
263,Krummholz
264,Krummholz
265,Ponderosa Pine
266,Ponderosa Pine
267,Cottonwood/Willow
268,Aspen
269,Aspen
270,Cottonwood/Willow
271,Spruce/Fir
272,Cottonwood/Willow
273,Spruce/Fir
274,Spruce/Fir
275,Lodgepole Pine
276,Aspen
277,Ponderosa Pine
278,Cottonwood/Willow
279,Aspen
280,Krummholz
281,Lodgepole Pine
282,Krummholz
283,Douglas-fir
284,Krummholz
285,Lodgepole Pine
286,Krummholz
287,Spruce/Fir
288,Spruce/Fir
289,Spruce/Fir
290,Lodgepole Pine
291,Krummholz
292,Krummholz
293,Aspen
294,Cottonwood/Willow
295,Ponderosa Pine
296,Ponderosa Pine
297,Lodgepole Pine
298,Spruce/Fir
299,Cottonwood/Willow
300,Lodgepole Pine
301,Spruce/Fir
302,Krummholz
303,Spruce/Fir
304,Aspen
305,Spruce/Fir
306,Lodgepole Pine
307,Cottonwood/Willow
308,Krummholz
309,Douglas-fir
310,Krummholz
311,Douglas-fir
312,Krummholz
313,Aspen
314,Krummholz
315,Aspen
316,Douglas-fir
317,Lodgepole Pine
318,Krummholz
319,Ponderosa Pine
320,Lodgepole Pine
321,Ponderosa Pine
322,Spruce/Fir
323,Spruce/Fir
324,Krummholz
325,Spruce/Fir
326,Spruce/Fir
327,Lodgepole Pine
328,Ponderosa Pine
329,Douglas-fir
330,Ponderosa Pine
331,Lodgepole Pine
332,Lodgepole Pine
333,Cottonwood/Willow
334,Ponderosa Pine
335,Aspen
336,Spruce/Fir
337,Cottonwood/Willow
338,Ponderosa Pine
339,Krummholz
340,Ponderosa Pine
341,Douglas-fir
342,Cottonwood/Willow
343,Aspen
344,Ponderosa Pine
345,Lodgepole Pine
346,Aspen
347,Douglas-fir
348,Douglas-fir
349,Douglas-fir
350,Douglas-fir
351,Lodgepole Pine
352,Spruce/Fir
353,Aspen
354,Spruce/Fir
355,Ponderosa Pine
356,Cottonwood/Willow
357,Ponderosa Pine
358,Krummholz
359,Douglas-fir
360,Lodgepole Pine
361,Douglas-fir
362,Lodgepole Pine
363,Lodgepole Pine
364,Lodgepole Pine
365,Douglas-fir
366,Ponderosa Pine
367,Spruce/Fir
368,Spruce/Fir
369,Krummholz
370,Douglas-fir
371,Aspen
372,Krummholz
373,Ponderosa Pine
374,Douglas-fir
375,Cottonwood/Willow
376,Lodgepole Pine
377,Ponderosa Pine
378,Cottonwood/Willow
379,Aspen
380,Spruce/Fir
381,Douglas-fir
382,Cottonwood/Willow
383,Cottonwood/Willow
384,Douglas-fir
385,Douglas-fir
386,Cottonwood/Willow
387,Aspen
388,Krummholz
389,Spruce/Fir
390,Cottonwood/Willow
391,Aspen
392,Douglas-fir
393,Ponderosa Pine
394,Ponderosa Pine
395,Spruce/Fir
396,Krummholz
397,Aspen
398,Douglas-fir
399,Ponderosa Pine
400,Spruce/Fir
401,Cottonwood/Willow
402,Krummholz
403,Ponderosa Pine
404,Aspen
405,Spruce/Fir
406,Cottonwood/Willow
407,Krummholz
408,Cottonwood/Willow
409,Lodgepole Pine
410,Lodgepole Pine
411,Lodgepole Pine
412,Krummholz
413,Krummholz
414,Cottonwood/Willow
415,Cottonwood/Willow
416,Douglas-fir
417,Lodgepole Pine
418,Lodgepole Pine
419,Aspen
420,Krummholz
421,Douglas-fir
422,Douglas-fir
423,Aspen
424,Spruce/Fir
425,Ponderosa Pine
426,Aspen
427,Aspen
428,Krummholz
429,Lodgepole Pine
430,Krummholz
431,Krummholz
432,Krummholz
433,Krummholz
434,Ponderosa Pine
435,Spruce/Fir
436,Spruce/Fir
437,Cottonwood/Willow
438,Cottonwood/Willow
439,Douglas-fir
440,Spruce/Fir
441,Ponderosa Pine
442,Ponderosa Pine
443,Douglas-fir
444,Aspen
445,Cottonwood/Willow
446,Ponderosa Pine
447,Ponderosa Pine
448,Cottonwood/Willow
449,Lodgepole Pine
450,Krummholz
451,Spruce/Fir
452,Lodgepole Pine
453,Ponderosa Pine
454,Ponderosa Pine
455,Douglas-fir
456,Cottonwood/Willow
457,Spruce/Fir
458,Ponderosa Pine
459,Cottonwood/Willow
460,Aspen
461,Spruce/Fir
462,Aspen
463,Ponderosa Pine
464,Krummholz
465,Lodgepole Pine
466,Ponderosa Pine
467,Krummholz
468,Krummholz
469,Spruce/Fir
470,Aspen
471,Krummholz
472,Ponderosa Pine
473,Aspen
474,Aspen
475,Aspen
476,Lodgepole Pine
477,Cottonwood/Willow
478,Lodgepole Pine
479,Cottonwood/Willow
480,Spruce/Fir
481,Krummholz
482,Ponderosa Pine
483,Lodgepole Pine
484,Douglas-fir
485,Lodgepole Pine
486,Spruce/Fir
487,Krummholz
488,Douglas-fir
489,Spruce/Fir
490,Krummholz
491,Ponderosa Pine
492,Spruce/Fir
493,Cottonwood/Willow
494,Douglas-fir
495,Aspen
496,Douglas-fir
497,Krummholz
498,Ponderosa Pine
499,Cottonwood/Willow
500,Krummholz
501,Ponderosa Pine
502,Ponderosa Pine
503,Krummholz
504,Cottonwood/Willow
505,Douglas-fir
506,Spruce/Fir
507,Krummholz
508,Ponderosa Pine
509,Ponderosa Pine
510,Aspen
511,Cottonwood/Willow
512,Ponderosa Pine
513,Spruce/Fir
514,Spruce/Fir
515,Spruce/Fir
516,Ponderosa Pine
517,Cottonwood/Willow
518,Aspen
519,Cottonwood/Willow
520,Douglas-fir
521,Ponderosa Pine
522,Krummholz
523,Cottonwood/Willow
524,Aspen
525,Krummholz
526,Ponderosa Pine
527,Aspen
528,Cottonwood/Willow
529,Krummholz
530,Aspen
531,Krummholz
532,Douglas-fir
533,Ponderosa Pine
534,Cottonwood/Willow
535,Krummholz
536,Ponderosa Pine
537,Aspen
538,Douglas-fir
539,Krummholz
540,Spruce/Fir
541,Spruce/Fir
542,Douglas-fir
543,Ponderosa Pine
544,Douglas-fir
545,Aspen
546,Douglas-fir
547,Douglas-fir
548,Douglas-fir
549,Ponderosa Pine
550,Aspen
551,Lodgepole Pine
552,Aspen
553,Krummholz
554,Krummholz
555,Lodgepole Pine
556,Spruce/Fir
557,Krummholz
558,Spruce/Fir
559,Krummholz
560,Krummholz
561,Douglas-fir
562,Cottonwood/Willow
563,Douglas-fir
564,Spruce/Fir
565,Douglas-fir
566,Lodgepole Pine
567,Krummholz
568,Aspen
569,Douglas-fir
570,Krummholz
571,Douglas-fir
572,Aspen
573,Douglas-fir
574,Spruce/Fir
575,Krummholz
576,Aspen
577,Ponderosa Pine
578,Lodgepole Pine
579,Ponderosa Pine
580,Ponderosa Pine
581,Spruce/Fir
582,Aspen
583,Krummholz
584,Douglas-fir
585,Lodgepole Pine
586,Douglas-fir
587,Ponderosa Pine
588,Aspen
589,Douglas-fir
590,Cottonwood/Willow
591,Douglas-fir
592,Douglas-fir
593,Spruce/Fir
594,Aspen
595,Spruce/Fir
596,Lodgepole Pine
597,Spruce/Fir
598,Ponderosa Pine
599,Krummholz
600,Aspen
601,Ponderosa Pine
602,Ponderosa Pine
603,Spruce/Fir
604,Cottonwood/Willow
605,Krummholz
606,Lodgepole Pine
607,Cottonwood/Willow
608,Cottonwood/Willow
609,Krummholz
610,Krummholz
611,Douglas-fir
612,Ponderosa Pine
613,Krummholz
614,Krummholz
615,Spruce/Fir
616,Krummholz
617,Spruce/Fir
618,Cottonwood/Willow
619,Spruce/Fir
620,Krummholz
621,Cottonwood/Willow
622,Cottonwood/Willow
623,Cottonwood/Willow
624,Krummholz
625,Spruce/Fir
626,Lodgepole Pine
627,Spruce/Fir
628,Aspen
629,Lodgepole Pine
630,Aspen
631,Lodgepole Pine
632,Douglas-fir
633,Aspen
634,Lodgepole Pine
635,Krummholz
636,Ponderosa Pine
637,Lodgepole Pine
638,Lodgepole Pine
639,Cottonwood/Willow
640,Krummholz
641,Krummholz
642,Ponderosa Pine
643,Lodgepole Pine
644,Lodgepole Pine
645,Krummholz
646,Douglas-fir
647,Lodgepole Pine
648,Douglas-fir
649,Lodgepole Pine
650,Douglas-fir
651,Douglas-fir
652,Lodgepole Pine
653,Lodgepole Pine
654,Cottonwood/Willow
655,Spruce/Fir
656,Aspen
657,Cottonwood/Willow
658,Lodgepole Pine
659,Cottonwood/Willow
660,Douglas-fir
661,Krummholz
662,Spruce/Fir
663,Ponderosa Pine
664,Lodgepole Pine
665,Ponderosa Pine
666,Lodgepole Pine
667,Spruce/Fir
668,Cottonwood/Willow
669,Lodgepole Pine
670,Spruce/Fir
671,Spruce/Fir
672,Aspen
673,Douglas-fir
674,Ponderosa Pine
675,Lodgepole Pine
676,Aspen
677,Cottonwood/Willow
678,Krummholz
679,Lodgepole Pine
680,Ponderosa Pine
681,Ponderosa Pine
682,Cottonwood/Willow
683,Spruce/Fir
684,Aspen
685,Krummholz
686,Ponderosa Pine
687,Aspen
688,Aspen
689,Ponderosa Pine
690,Aspen
691,Cottonwood/Willow
692,Douglas-fir
693,Douglas-fir
694,Krummholz
695,Ponderosa Pine
696,Cottonwood/Willow
697,Ponderosa Pine
698,Krummholz
699,Aspen
700,Douglas-fir
701,Douglas-fir
702,Cottonwood/Willow
703,Aspen
704,Aspen
705,Ponderosa Pine
706,Aspen
707,Douglas-fir
708,Ponderosa Pine
709,Lodgepole Pine
710,Lodgepole Pine
711,Ponderosa Pine
712,Ponderosa Pine
713,Ponderosa Pine
714,Krummholz
715,Douglas-fir
716,Lodgepole Pine
717,Lodgepole Pine
718,Lodgepole Pine
719,Spruce/Fir
720,Douglas-fir
721,Cottonwood/Willow
722,Douglas-fir
723,Douglas-fir
724,Lodgepole Pine
725,Cottonwood/Willow
726,Douglas-fir
727,Cottonwood/Willow
728,Aspen
729,Ponderosa Pine
730,Aspen
731,Cottonwood/Willow
732,Lodgepole Pine
733,Ponderosa Pine
734,Douglas-fir
735,Aspen
736,Krummholz
737,Cottonwood/Willow
738,Aspen
739,Cottonwood/Willow
740,Spruce/Fir
741,Ponderosa Pine
742,Aspen
743,Krummholz
744,Krummholz
745,Krummholz
746,Douglas-fir
747,Lodgepole Pine
748,Ponderosa Pine
749,Spruce/Fir
750,Cottonwood/Willow
751,Aspen
752,Cottonwood/Willow
753,Krummholz
754,Krummholz
755,Krummholz
756,Krummholz
757,Lodgepole Pine
758,Krummholz
759,Aspen
760,Krummholz
761,Spruce/Fir
762,Krummholz
763,Cottonwood/Willow
764,Ponderosa Pine
765,Cottonwood/Willow
766,Cottonwood/Willow
767,Aspen
768,Douglas-fir
769,Spruce/Fir
770,Ponderosa Pine
771,Cottonwood/Willow
772,Cottonwood/Willow
773,Aspen
774,Ponderosa Pine
775,Aspen
776,Krummholz
777,Douglas-fir
778,Douglas-fir
779,Douglas-fir
780,Krummholz
781,Douglas-fir
782,Aspen
783,Aspen
784,Ponderosa Pine
785,Aspen
786,Krummholz
787,Aspen
788,Cottonwood/Willow
789,Spruce/Fir
790,Douglas-fir
791,Cottonwood/Willow
792,Krummholz
793,Douglas-fir
794,Ponderosa Pine
795,Douglas-fir
796,Aspen
797,Lodgepole Pine
798,Cottonwood/Willow
799,Ponderosa Pine
800,Krummholz
801,Spruce/Fir
802,Ponderosa Pine
803,Spruce/Fir
804,Aspen
805,Cottonwood/Willow
806,Krummholz
807,Cottonwood/Willow
808,Douglas-fir
809,Aspen
810,Aspen
811,Spruce/Fir
812,Spruce/Fir
813,Cottonwood/Willow
814,Cottonwood/Willow
815,Lodgepole Pine
816,Douglas-fir
817,Aspen
818,Ponderosa Pine
819,Lodgepole Pine
820,Douglas-fir
821,Ponderosa Pine
822,Ponderosa Pine
823,Spruce/Fir
824,Krummholz
825,Krummholz
826,Aspen
827,Spruce/Fir
828,Douglas-fir
829,Aspen
830,Cottonwood/Willow
831,Douglas-fir
832,Spruce/Fir
833,Krummholz
834,Lodgepole Pine
835,Douglas-fir
836,Krummholz
837,Ponderosa Pine
838,Lodgepole Pine
839,Aspen
840,Krummholz
841,Krummholz
842,Lodgepole Pine
843,Krummholz
844,Aspen
845,Krummholz
846,Aspen
847,Ponderosa Pine
848,Ponderosa Pine
849,Cottonwood/Willow
850,Douglas-fir
851,Spruce/Fir
852,Krummholz
853,Ponderosa Pine
854,Douglas-fir
855,Cottonwood/Willow
856,Ponderosa Pine
857,Douglas-fir
858,Douglas-fir
859,Lodgepole Pine
860,Ponderosa Pine
861,Aspen
862,Aspen
863,Ponderosa Pine
864,Aspen
865,Spruce/Fir
866,Spruce/Fir
867,Cottonwood/Willow
868,Spruce/Fir
869,Krummholz
870,Cottonwood/Willow
871,Cottonwood/Willow
872,Lodgepole Pine
873,Spruce/Fir
874,Krummholz
875,Cottonwood/Willow
876,Aspen
877,Douglas-fir
878,Ponderosa Pine
879,Lodgepole Pine
880,Cottonwood/Willow
881,Lodgepole Pine
882,Spruce/Fir
883,Douglas-fir
884,Lodgepole Pine
885,Cottonwood/Willow
886,Aspen
887,Krummholz
888,Cottonwood/Willow
889,Krummholz
890,Spruce/Fir
891,Spruce/Fir
892,Douglas-fir
893,Douglas-fir
894,Cottonwood/Willow
895,Spruce/Fir
896,Spruce/Fir
897,Lodgepole Pine
898,Douglas-fir
899,Douglas-fir
900,Spruce/Fir
901,Spruce/Fir
902,Ponderosa Pine
903,Spruce/Fir
904,Cottonwood/Willow
905,Spruce/Fir
906,Lodgepole Pine
907,Krummholz
908,Spruce/Fir
909,Aspen
910,Cottonwood/Willow
911,Cottonwood/Willow
912,Ponderosa Pine
913,Aspen
914,Lodgepole Pine
915,Douglas-fir
916,Douglas-fir
917,Cottonwood/Willow
918,Spruce/Fir
919,Lodgepole Pine
920,Cottonwood/Willow
921,Spruce/Fir
922,Lodgepole Pine
923,Spruce/Fir
924,Krummholz
925,Aspen
926,Spruce/Fir
927,Douglas-fir
928,Cottonwood/Willow
929,Cottonwood/Willow
930,Krummholz
931,Cottonwood/Willow
932,Cottonwood/Willow
933,Douglas-fir
934,Ponderosa Pine
935,Aspen
936,Ponderosa Pine
937,Ponderosa Pine
938,Aspen
939,Krummholz
940,Spruce/Fir
941,Cottonwood/Willow
942,Ponderosa Pine
943,Krummholz
944,Ponderosa Pine
945,Spruce/Fir
946,Spruce/Fir
947,Cottonwood/Willow
948,Aspen
949,Douglas-fir
950,Ponderosa Pine
951,Douglas-fir
952,Ponderosa Pine
953,Spruce/Fir
954,Ponderosa Pine
955,Douglas-fir
956,Lodgepole Pine
957,Spruce/Fir
958,Spruce/Fir
959,Douglas-fir
960,Spruce/Fir
961,Ponderosa Pine
962,Aspen
963,Douglas-fir
964,Lodgepole Pine
965,Cottonwood/Willow
966,Ponderosa Pine
967,Ponderosa Pine
968,Spruce/Fir
969,Lodgepole Pine
970,Aspen
971,Ponderosa Pine
972,Spruce/Fir
973,Douglas-fir
974,Aspen
975,Douglas-fir
976,Ponderosa Pine
977,Cottonwood/Willow
978,Spruce/Fir
979,Lodgepole Pine
980,Aspen
981,Lodgepole Pine
982,Ponderosa Pine
983,Cottonwood/Willow
984,Krummholz
985,Krummholz
986,Cottonwood/Willow
987,Cottonwood/Willow
988,Aspen
989,Ponderosa Pine
990,Lodgepole Pine
991,Douglas-fir
992,Aspen
993,Ponderosa Pine
994,Douglas-fir
995,Ponderosa Pine
996,Spruce/Fir
997,Aspen
998,Ponderosa Pine
999,Spruce/Fir
1000,Ponderosa Pine
1001,Lodgepole Pine
1002,Aspen
1003,Ponderosa Pine
1004,Cottonwood/Willow
1005,Spruce/Fir
1006,Aspen
1007,Ponderosa Pine
1008,Aspen
1009,Ponderosa Pine
1010,Spruce/Fir
1011,Aspen
1012,Spruce/Fir
1013,Lodgepole Pine
1014,Krummholz
1015,Aspen
1016,Spruce/Fir
1017,Cottonwood/Willow
1018,Cottonwood/Willow
1019,Cottonwood/Willow
1020,Lodgepole Pine
1021,Cottonwood/Willow
1022,Douglas-fir
1023,Ponderosa Pine
1024,Aspen
1025,Spruce/Fir
1026,Spruce/Fir
1027,Ponderosa Pine
1028,Ponderosa Pine
1029,Douglas-fir
1030,Cottonwood/Willow
1031,Lodgepole Pine
1032,Krummholz
1033,Lodgepole Pine
1034,Douglas-fir
1035,Douglas-fir
1036,Spruce/Fir
1037,Douglas-fir
1038,Cottonwood/Willow
1039,Douglas-fir
1040,Cottonwood/Willow
1041,Lodgepole Pine
1042,Aspen
1043,Krummholz
1044,Spruce/Fir
1045,Krummholz
1046,Cottonwood/Willow
1047,Krummholz
1048,Krummholz
1049,Cottonwood/Willow
1050,Aspen
1051,Cottonwood/Willow
1052,Lodgepole Pine
1053,Spruce/Fir
1054,Spruce/Fir
1055,Lodgepole Pine
1056,Cottonwood/Willow
1057,Spruce/Fir
1058,Lodgepole Pine
1059,Lodgepole Pine
1060,Cottonwood/Willow
1061,Douglas-fir
1062,Spruce/Fir
1063,Douglas-fir
1064,Krummholz
1065,Spruce/Fir
1066,Krummholz
1067,Ponderosa Pine
1068,Douglas-fir
1069,Cottonwood/Willow
1070,Krummholz
1071,Krummholz
1072,Ponderosa Pine
1073,Spruce/Fir
1074,Cottonwood/Willow
1075,Ponderosa Pine
1076,Ponderosa Pine
1077,Douglas-fir
1078,Lodgepole Pine
1079,Cottonwood/Willow
1080,Douglas-fir
1081,Aspen
1082,Ponderosa Pine
1083,Cottonwood/Willow
1084,Cottonwood/Willow
1085,Ponderosa Pine
1086,Aspen
1087,Spruce/Fir
1088,Krummholz
1089,Krummholz
1090,Spruce/Fir
1091,Douglas-fir
1092,Ponderosa Pine
1093,Lodgepole Pine
1094,Aspen
1095,Krummholz
1096,Ponderosa Pine
1097,Spruce/Fir
1098,Ponderosa Pine
1099,Spruce/Fir
1100,Lodgepole Pine
1101,Lodgepole Pine
1102,Ponderosa Pine
1103,Douglas-fir
1104,Douglas-fir
1105,Spruce/Fir
1106,Spruce/Fir
1107,Lodgepole Pine
1108,Lodgepole Pine
1109,Cottonwood/Willow
1110,Douglas-fir
1111,Aspen
1112,Krummholz
1113,Aspen
1114,Krummholz
1115,Krummholz
1116,Cottonwood/Willow
1117,Spruce/Fir
1118,Krummholz
1119,Ponderosa Pine
1120,Ponderosa Pine
1121,Aspen
1122,Ponderosa Pine
1123,Cottonwood/Willow
1124,Aspen
1125,Ponderosa Pine
1126,Douglas-fir
1127,Ponderosa Pine
1128,Cottonwood/Willow
1129,Lodgepole Pine
1130,Spruce/Fir
1131,Spruce/Fir
1132,Douglas-fir
1133,Douglas-fir
1134,Spruce/Fir
1135,Spruce/Fir
1136,Spruce/Fir
1137,Aspen
1138,Cottonwood/Willow
1139,Aspen
1140,Lodgepole Pine
1141,Lodgepole Pine
1142,Cottonwood/Willow
1143,Douglas-fir
1144,Douglas-fir
1145,Douglas-fir
1146,Douglas-fir
1147,Spruce/Fir
1148,Krummholz
1149,Ponderosa Pine
1150,Ponderosa Pine
1151,Cottonwood/Willow
1152,Spruce/Fir
1153,Ponderosa Pine
1154,Cottonwood/Willow
1155,Lodgepole Pine
1156,Cottonwood/Willow
1157,Ponderosa Pine
1158,Spruce/Fir
1159,Ponderosa Pine
1160,Douglas-fir
1161,Krummholz
1162,Lodgepole Pine
1163,Ponderosa Pine
1164,Spruce/Fir
1165,Spruce/Fir
1166,Aspen
1167,Aspen
1168,Krummholz
1169,Douglas-fir
1170,Ponderosa Pine
1171,Spruce/Fir
1172,Cottonwood/Willow
1173,Cottonwood/Willow
1174,Aspen
1175,Douglas-fir
1176,Krummholz
1177,Cottonwood/Willow
1178,Douglas-fir
1179,Douglas-fir
1180,Cottonwood/Willow
1181,Cottonwood/Willow
1182,Aspen
1183,Cottonwood/Willow
1184,Aspen
1185,Krummholz
1186,Krummholz
1187,Lodgepole Pine
1188,Spruce/Fir
1189,Aspen
1190,Douglas-fir
1191,Cottonwood/Willow
1192,Ponderosa Pine
1193,Ponderosa Pine
1194,Ponderosa Pine
1195,Douglas-fir
1196,Lodgepole Pine
1197,Krummholz
1198,Douglas-fir
1199,Spruce/Fir
1200,Aspen
1201,Aspen
1202,Lodgepole Pine
1203,Spruce/Fir
1204,Ponderosa Pine
1205,Krummholz
1206,Aspen
1207,Lodgepole Pine
1208,Douglas-fir
1209,Cottonwood/Willow
1210,Ponderosa Pine
1211,Ponderosa Pine
1212,Krummholz
1213,Lodgepole Pine
1214,Krummholz
1215,Lodgepole Pine
1216,Lodgepole Pine
1217,Douglas-fir
1218,Spruce/Fir
1219,Spruce/Fir
1220,Ponderosa Pine
1221,Lodgepole Pine
1222,Spruce/Fir
1223,Cottonwood/Willow
1224,Aspen
1225,Aspen
1226,Krummholz
1227,Cottonwood/Willow
1228,Douglas-fir
1229,Krummholz
1230,Krummholz
1231,Cottonwood/Willow
1232,Ponderosa Pine
1233,Ponderosa Pine
1234,Ponderosa Pine
1235,Ponderosa Pine
1236,Cottonwood/Willow
1237,Douglas-fir
1238,Douglas-fir
1239,Douglas-fir
1240,Lodgepole Pine
1241,Aspen
1242,Cottonwood/Willow
1243,Ponderosa Pine
1244,Ponderosa Pine
1245,Aspen
1246,Cottonwood/Willow
1247,Spruce/Fir
1248,Ponderosa Pine
1249,Lodgepole Pine
1250,Ponderosa Pine
1251,Douglas-fir
1252,Ponderosa Pine
1253,Aspen
1254,Krummholz
1255,Douglas-fir
1256,Aspen
1257,Aspen
1258,Spruce/Fir
1259,Krummholz
1260,Aspen
1261,Aspen
1262,Douglas-fir
1263,Krummholz
1264,Krummholz
1265,Cottonwood/Willow
1266,Krummholz
1267,Cottonwood/Willow
1268,Spruce/Fir
1269,Aspen
1270,Aspen
1271,Douglas-fir
1272,Krummholz
1273,Cottonwood/Willow
1274,Krummholz
1275,Lodgepole Pine
1276,Ponderosa Pine
1277,Krummholz
1278,Douglas-fir
1279,Krummholz
1280,Douglas-fir
1281,Douglas-fir
1282,Krummholz
1283,Douglas-fir
1284,Spruce/Fir
1285,Douglas-fir
1286,Krummholz
1287,Krummholz
1288,Cottonwood/Willow
1289,Spruce/Fir
1290,Douglas-fir
1291,Aspen
1292,Douglas-fir
1293,Cottonwood/Willow
1294,Cottonwood/Willow
1295,Lodgepole Pine
1296,Douglas-fir
1297,Douglas-fir
1298,Spruce/Fir
1299,Lodgepole Pine
1300,Krummholz
1301,Krummholz
1302,Ponderosa Pine
1303,Ponderosa Pine
1304,Aspen
1305,Douglas-fir
1306,Lodgepole Pine
1307,Lodgepole Pine
1308,Ponderosa Pine
1309,Krummholz
1310,Ponderosa Pine
1311,Cottonwood/Willow
1312,Aspen
1313,Cottonwood/Willow
1314,Lodgepole Pine
1315,Lodgepole Pine
1316,Krummholz
1317,Aspen
1318,Douglas-fir
1319,Lodgepole Pine
1320,Krummholz
1321,Spruce/Fir
1322,Lodgepole Pine
1323,Aspen
1324,Douglas-fir
1325,Krummholz
1326,Douglas-fir
1327,Ponderosa Pine
1328,Ponderosa Pine
1329,Spruce/Fir
1330,Lodgepole Pine
1331,Spruce/Fir
1332,Spruce/Fir
1333,Douglas-fir
1334,Douglas-fir
1335,Spruce/Fir
1336,Aspen
1337,Krummholz
1338,Ponderosa Pine
1339,Cottonwood/Willow
1340,Douglas-fir
1341,Cottonwood/Willow
1342,Krummholz
1343,Douglas-fir
1344,Aspen
1345,Krummholz
1346,Lodgepole Pine
1347,Aspen
1348,Cottonwood/Willow
1349,Cottonwood/Willow
1350,Douglas-fir
1351,Cottonwood/Willow
1352,Lodgepole Pine
1353,Lodgepole Pine
1354,Cottonwood/Willow
1355,Lodgepole Pine
1356,Aspen
1357,Spruce/Fir
1358,Lodgepole Pine
1359,Krummholz
1360,Ponderosa Pine
1361,Aspen
1362,Ponderosa Pine
1363,Cottonwood/Willow
1364,Cottonwood/Willow
1365,Krummholz
1366,Douglas-fir
1367,Douglas-fir
1368,Cottonwood/Willow
1369,Cottonwood/Willow
1370,Krummholz
1371,Krummholz
1372,Aspen
1373,Krummholz
1374,Cottonwood/Willow
1375,Spruce/Fir
1376,Ponderosa Pine
1377,Krummholz
1378,Krummholz
1379,Cottonwood/Willow
1380,Douglas-fir
1381,Cottonwood/Willow
1382,Spruce/Fir
1383,Aspen
1384,Lodgepole Pine
1385,Krummholz
1386,Ponderosa Pine
1387,Aspen
1388,Lodgepole Pine
1389,Lodgepole Pine
1390,Spruce/Fir
1391,Douglas-fir
1392,Douglas-fir
1393,Douglas-fir
1394,Lodgepole Pine
1395,Lodgepole Pine
1396,Cottonwood/Willow
1397,Douglas-fir
1398,Ponderosa Pine
1399,Aspen
1400,Krummholz
1401,Lodgepole Pine
1402,Ponderosa Pine
1403,Spruce/Fir
1404,Krummholz
1405,Douglas-fir
1406,Krummholz
1407,Ponderosa Pine
1408,Krummholz
1409,Ponderosa Pine
1410,Aspen
1411,Ponderosa Pine
1412,Lodgepole Pine
1413,Krummholz
1414,Krummholz
1415,Ponderosa Pine
1416,Krummholz
1417,Krummholz
1418,Lodgepole Pine
1419,Spruce/Fir
1420,Krummholz
1421,Aspen
1422,Cottonwood/Willow
1423,Krummholz
1424,Cottonwood/Willow
1425,Cottonwood/Willow
1426,Krummholz
1427,Cottonwood/Willow
1428,Aspen
1429,Cottonwood/Willow
1430,Cottonwood/Willow
1431,Douglas-fir
1432,Spruce/Fir
1433,Douglas-fir
1434,Krummholz
1435,Spruce/Fir
1436,Lodgepole Pine
1437,Aspen
1438,Aspen
1439,Lodgepole Pine
1440,Lodgepole Pine
1441,Krummholz
1442,Cottonwood/Willow
1443,Lodgepole Pine
1444,Aspen
1445,Cottonwood/Willow
1446,Douglas-fir
1447,Cottonwood/Willow
1448,Lodgepole Pine
1449,Lodgepole Pine
1450,Douglas-fir
1451,Lodgepole Pine
1452,Ponderosa Pine
1453,Aspen
1454,Lodgepole Pine
1455,Aspen
1456,Douglas-fir
1457,Krummholz
1458,Ponderosa Pine
1459,Ponderosa Pine
1460,Aspen
1461,Spruce/Fir
1462,Cottonwood/Willow
1463,Aspen
1464,Cottonwood/Willow
1465,Krummholz
1466,Ponderosa Pine
1467,Spruce/Fir
1468,Cottonwood/Willow
1469,Krummholz
1470,Lodgepole Pine
1471,Spruce/Fir
1472,Ponderosa Pine
1473,Krummholz
1474,Aspen
1475,Lodgepole Pine
1476,Krummholz
1477,Spruce/Fir
1478,Spruce/Fir
1479,Aspen
1480,Spruce/Fir
1481,Douglas-fir
1482,Douglas-fir
1483,Spruce/Fir
1484,Spruce/Fir
1485,Aspen
1486,Cottonwood/Willow
1487,Ponderosa Pine
1488,Spruce/Fir
1489,Cottonwood/Willow
1490,Cottonwood/Willow
1491,Douglas-fir
1492,Krummholz
1493,Cottonwood/Willow
1494,Lodgepole Pine
1495,Douglas-fir
1496,Lodgepole Pine
1497,Spruce/Fir
1498,Lodgepole Pine
1499,Ponderosa Pine
1500,Ponderosa Pine
1501,Spruce/Fir
1502,Ponderosa Pine
1503,Cottonwood/Willow
1504,Aspen
1505,Spruce/Fir
1506,Ponderosa Pine
1507,Aspen
1508,Cottonwood/Willow
1509,Spruce/Fir
1510,Spruce/Fir
1511,Lodgepole Pine
1512,Ponderosa Pine
1513,Spruce/Fir
1514,Krummholz
1515,Douglas-fir
1516,Cottonwood/Willow
1517,Spruce/Fir
1518,Ponderosa Pine
1519,Ponderosa Pine
1520,Krummholz
1521,Douglas-fir
1522,Cottonwood/Willow
1523,Ponderosa Pine
1524,Douglas-fir
1525,Aspen
1526,Spruce/Fir
1527,Ponderosa Pine
1528,Aspen
1529,Aspen
1530,Cottonwood/Willow
1531,Lodgepole Pine
1532,Krummholz
1533,Ponderosa Pine
1534,Ponderosa Pine
1535,Lodgepole Pine
1536,Aspen
1537,Douglas-fir
1538,Lodgepole Pine
1539,Lodgepole Pine
1540,Spruce/Fir
1541,Spruce/Fir
1542,Krummholz
1543,Cottonwood/Willow
1544,Spruce/Fir
1545,Douglas-fir
1546,Ponderosa Pine
1547,Cottonwood/Willow
1548,Lodgepole Pine
1549,Lodgepole Pine
1550,Lodgepole Pine
1551,Aspen
1552,Douglas-fir
1553,Ponderosa Pine
1554,Krummholz
1555,Aspen
1556,Cottonwood/Willow
1557,Lodgepole Pine
1558,Krummholz
1559,Douglas-fir
1560,Douglas-fir
1561,Spruce/Fir
1562,Ponderosa Pine
1563,Krummholz
1564,Spruce/Fir
1565,Cottonwood/Willow
1566,Lodgepole Pine
1567,Douglas-fir
1568,Ponderosa Pine
1569,Cottonwood/Willow
1570,Krummholz
1571,Krummholz
1572,Aspen
1573,Ponderosa Pine
1574,Cottonwood/Willow
1575,Lodgepole Pine
1576,Douglas-fir
1577,Douglas-fir
1578,Aspen
1579,Cottonwood/Willow
1580,Douglas-fir
1581,Krummholz
1582,Ponderosa Pine
1583,Spruce/Fir
1584,Aspen
1585,Ponderosa Pine
1586,Cottonwood/Willow
1587,Douglas-fir
1588,Cottonwood/Willow
1589,Krummholz
1590,Aspen
1591,Douglas-fir
1592,Krummholz
1593,Douglas-fir
1594,Aspen
1595,Ponderosa Pine
1596,Lodgepole Pine
1597,Cottonwood/Willow
1598,Aspen
1599,Krummholz
1600,Douglas-fir
1601,Douglas-fir
1602,Krummholz
1603,Spruce/Fir
1604,Ponderosa Pine
1605,Aspen
1606,Spruce/Fir
1607,Krummholz
1608,Douglas-fir
1609,Aspen
1610,Douglas-fir
1611,Spruce/Fir
1612,Lodgepole Pine
1613,Krummholz
1614,Aspen
1615,Spruce/Fir
1616,Krummholz
1617,Aspen
1618,Douglas-fir
1619,Krummholz
1620,Krummholz
1621,Lodgepole Pine
1622,Douglas-fir
1623,Krummholz
1624,Ponderosa Pine
1625,Krummholz
1626,Lodgepole Pine
1627,Aspen
1628,Douglas-fir
1629,Cottonwood/Willow
1630,Spruce/Fir
1631,Spruce/Fir
1632,Ponderosa Pine
1633,Aspen
1634,Spruce/Fir
1635,Krummholz
1636,Ponderosa Pine
1637,Ponderosa Pine
1638,Spruce/Fir
1639,Spruce/Fir
1640,Aspen
1641,Spruce/Fir
1642,Ponderosa Pine
1643,Krummholz
1644,Spruce/Fir
1645,Douglas-fir
1646,Spruce/Fir
1647,Krummholz
1648,Krummholz
1649,Ponderosa Pine
1650,Aspen
1651,Aspen
1652,Aspen
1653,Douglas-fir
1654,Douglas-fir
1655,Douglas-fir
1656,Spruce/Fir
1657,Aspen
1658,Krummholz
1659,Krummholz
1660,Douglas-fir
1661,Ponderosa Pine
1662,Aspen
1663,Cottonwood/Willow
1664,Aspen
1665,Cottonwood/Willow
1666,Krummholz
1667,Douglas-fir
1668,Spruce/Fir
1669,Ponderosa Pine
1670,Ponderosa Pine
1671,Aspen
1672,Lodgepole Pine
1673,Krummholz
1674,Cottonwood/Willow
1675,Cottonwood/Willow
1676,Cottonwood/Willow
1677,Aspen
1678,Cottonwood/Willow
1679,Cottonwood/Willow
1680,Cottonwood/Willow
1681,Spruce/Fir
1682,Spruce/Fir
1683,Cottonwood/Willow
1684,Spruce/Fir
1685,Cottonwood/Willow
1686,Aspen
1687,Spruce/Fir
1688,Spruce/Fir
1689,Lodgepole Pine
1690,Cottonwood/Willow
1691,Ponderosa Pine
1692,Spruce/Fir
1693,Aspen
1694,Ponderosa Pine
1695,Lodgepole Pine
1696,Cottonwood/Willow
1697,Douglas-fir
1698,Krummholz
1699,Douglas-fir
1700,Krummholz
1701,Douglas-fir
1702,Krummholz
1703,Spruce/Fir
1704,Douglas-fir
1705,Douglas-fir
1706,Lodgepole Pine
1707,Aspen
1708,Aspen
1709,Ponderosa Pine
1710,Aspen
1711,Spruce/Fir
1712,Krummholz
1713,Aspen
1714,Krummholz
1715,Aspen
1716,Douglas-fir
1717,Spruce/Fir
1718,Aspen
1719,Krummholz
1720,Krummholz
1721,Lodgepole Pine
1722,Spruce/Fir
1723,Douglas-fir
1724,Spruce/Fir
1725,Douglas-fir
1726,Aspen
1727,Spruce/Fir
1728,Douglas-fir
1729,Aspen
1730,Cottonwood/Willow
1731,Aspen
1732,Aspen
1733,Douglas-fir
1734,Ponderosa Pine
1735,Cottonwood/Willow
1736,Spruce/Fir
1737,Ponderosa Pine
1738,Aspen
1739,Douglas-fir
1740,Douglas-fir
1741,Cottonwood/Willow
1742,Spruce/Fir
1743,Lodgepole Pine
1744,Douglas-fir
1745,Aspen
1746,Douglas-fir
1747,Spruce/Fir
1748,Cottonwood/Willow
1749,Aspen
1750,Douglas-fir
1751,Lodgepole Pine
1752,Ponderosa Pine
1753,Spruce/Fir
1754,Douglas-fir
1755,Aspen
1756,Cottonwood/Willow
1757,Spruce/Fir
1758,Ponderosa Pine
1759,Cottonwood/Willow
1760,Lodgepole Pine
1761,Cottonwood/Willow
1762,Aspen
1763,Ponderosa Pine
1764,Douglas-fir
1765,Douglas-fir
1766,Ponderosa Pine
1767,Krummholz
1768,Krummholz
1769,Aspen
1770,Aspen
1771,Spruce/Fir
1772,Cottonwood/Willow
1773,Cottonwood/Willow
1774,Spruce/Fir
1775,Cottonwood/Willow
1776,Lodgepole Pine
1777,Krummholz
1778,Spruce/Fir
1779,Douglas-fir
1780,Spruce/Fir
1781,Lodgepole Pine
1782,Aspen
1783,Krummholz
1784,Spruce/Fir
1785,Krummholz
1786,Krummholz
1787,Lodgepole Pine
1788,Aspen
1789,Cottonwood/Willow
1790,Aspen
1791,Ponderosa Pine
1792,Cottonwood/Willow
1793,Lodgepole Pine
1794,Krummholz
1795,Spruce/Fir
1796,Lodgepole Pine
1797,Spruce/Fir
1798,Aspen
1799,Cottonwood/Willow
1800,Cottonwood/Willow
1801,Douglas-fir
1802,Spruce/Fir
1803,Krummholz
1804,Spruce/Fir
1805,Krummholz
1806,Ponderosa Pine
1807,Spruce/Fir
1808,Aspen
1809,Krummholz
1810,Lodgepole Pine
1811,Aspen
1812,Krummholz
1813,Aspen
1814,Lodgepole Pine
1815,Ponderosa Pine
1816,Douglas-fir
1817,Krummholz
1818,Cottonwood/Willow
1819,Douglas-fir
1820,Lodgepole Pine
1821,Spruce/Fir
1822,Aspen
1823,Douglas-fir
1824,Cottonwood/Willow
1825,Aspen
1826,Lodgepole Pine
1827,Krummholz
1828,Ponderosa Pine
1829,Douglas-fir
1830,Cottonwood/Willow
1831,Douglas-fir
1832,Douglas-fir
1833,Cottonwood/Willow
1834,Krummholz
1835,Aspen
1836,Ponderosa Pine
1837,Ponderosa Pine
1838,Ponderosa Pine
1839,Krummholz
1840,Ponderosa Pine
1841,Cottonwood/Willow
1842,Douglas-fir
1843,Cottonwood/Willow
1844,Krummholz
1845,Aspen
1846,Aspen
1847,Lodgepole Pine
1848,Cottonwood/Willow
1849,Cottonwood/Willow
1850,Krummholz
1851,Ponderosa Pine
1852,Lodgepole Pine
1853,Douglas-fir
1854,Cottonwood/Willow
1855,Krummholz
1856,Cottonwood/Willow
1857,Spruce/Fir
1858,Spruce/Fir
1859,Cottonwood/Willow
1860,Cottonwood/Willow
1861,Lodgepole Pine
1862,Cottonwood/Willow
1863,Aspen
1864,Lodgepole Pine
1865,Krummholz
1866,Spruce/Fir
1867,Douglas-fir
1868,Krummholz
1869,Spruce/Fir
1870,Krummholz
1871,Spruce/Fir
1872,Krummholz
1873,Ponderosa Pine
1874,Aspen
1875,Aspen
1876,Spruce/Fir
1877,Spruce/Fir
1878,Ponderosa Pine
1879,Douglas-fir
1880,Krummholz
1881,Aspen
1882,Douglas-fir
1883,Douglas-fir
1884,Aspen
1885,Spruce/Fir
1886,Lodgepole Pine
1887,Aspen
1888,Ponderosa Pine
1889,Spruce/Fir
1890,Lodgepole Pine
1891,Krummholz
1892,Cottonwood/Willow
1893,Krummholz
1894,Aspen
1895,Ponderosa Pine
1896,Ponderosa Pine
1897,Krummholz
1898,Cottonwood/Willow
1899,Cottonwood/Willow
1900,Cottonwood/Willow
1901,Cottonwood/Willow
1902,Ponderosa Pine
1903,Aspen
1904,Krummholz
1905,Aspen
1906,Douglas-fir
1907,Aspen
1908,Ponderosa Pine
1909,Cottonwood/Willow
1910,Krummholz
1911,Ponderosa Pine
1912,Spruce/Fir
1913,Spruce/Fir
1914,Krummholz
1915,Krummholz
1916,Aspen
1917,Cottonwood/Willow
1918,Ponderosa Pine
1919,Douglas-fir
1920,Spruce/Fir
1921,Cottonwood/Willow
1922,Lodgepole Pine
1923,Aspen
1924,Cottonwood/Willow
1925,Aspen
1926,Lodgepole Pine
1927,Krummholz
1928,Aspen
1929,Lodgepole Pine
1930,Spruce/Fir
1931,Krummholz
1932,Lodgepole Pine
1933,Lodgepole Pine
1934,Lodgepole Pine
1935,Ponderosa Pine
1936,Cottonwood/Willow
1937,Lodgepole Pine
1938,Krummholz
1939,Aspen
1940,Lodgepole Pine
1941,Ponderosa Pine
1942,Ponderosa Pine
1943,Aspen
1944,Douglas-fir
1945,Aspen
1946,Ponderosa Pine
1947,Lodgepole Pine
1948,Douglas-fir
1949,Douglas-fir
1950,Ponderosa Pine
1951,Aspen
1952,Ponderosa Pine
1953,Lodgepole Pine
1954,Aspen
1955,Douglas-fir
1956,Krummholz
1957,Lodgepole Pine
1958,Krummholz
1959,Spruce/Fir
1960,Spruce/Fir
1961,Cottonwood/Willow
1962,Krummholz
1963,Lodgepole Pine
1964,Spruce/Fir
1965,Ponderosa Pine
1966,Ponderosa Pine
1967,Aspen
1968,Douglas-fir
1969,Spruce/Fir
1970,Cottonwood/Willow
1971,Ponderosa Pine
1972,Spruce/Fir
1973,Krummholz
1974,Douglas-fir
1975,Douglas-fir
1976,Krummholz
1977,Spruce/Fir
1978,Cottonwood/Willow
1979,Cottonwood/Willow
1980,Spruce/Fir
1981,Krummholz
1982,Ponderosa Pine
1983,Lodgepole Pine
1984,Ponderosa Pine
1985,Lodgepole Pine
1986,Krummholz
1987,Aspen
1988,Cottonwood/Willow
1989,Aspen
1990,Lodgepole Pine
1991,Cottonwood/Willow
1992,Spruce/Fir
1993,Aspen
1994,Lodgepole Pine
1995,Aspen
1996,Douglas-fir
1997,Spruce/Fir
1998,Krummholz
1999,Lodgepole Pine
2000,Lodgepole Pine
2001,Lodgepole Pine
2002,Ponderosa Pine
2003,Aspen
2004,Cottonwood/Willow
2005,Aspen
2006,Ponderosa Pine
2007,Ponderosa Pine
2008,Aspen
2009,Douglas-fir
2010,Douglas-fir
2011,Douglas-fir
2012,Krummholz
2013,Aspen
2014,Spruce/Fir
2015,Cottonwood/Willow
2016,Ponderosa Pine
2017,Ponderosa Pine
2018,Aspen
2019,Cottonwood/Willow
2020,Cottonwood/Willow
2021,Cottonwood/Willow
2022,Douglas-fir
2023,Ponderosa Pine
2024,Spruce/Fir
2025,Aspen
2026,Aspen
2027,Douglas-fir
2028,Lodgepole Pine
2029,Ponderosa Pine
2030,Aspen
2031,Douglas-fir
2032,Cottonwood/Willow
2033,Cottonwood/Willow
2034,Lodgepole Pine
2035,Ponderosa Pine
2036,Cottonwood/Willow
2037,Krummholz
2038,Cottonwood/Willow
2039,Lodgepole Pine
2040,Krummholz
2041,Krummholz
2042,Krummholz
2043,Krummholz
2044,Douglas-fir
2045,Aspen
2046,Lodgepole Pine
2047,Cottonwood/Willow
2048,Cottonwood/Willow
2049,Cottonwood/Willow
2050,Aspen
2051,Krummholz
2052,Spruce/Fir
2053,Cottonwood/Willow
2054,Aspen
2055,Ponderosa Pine
2056,Spruce/Fir
2057,Lodgepole Pine
2058,Lodgepole Pine
2059,Aspen
2060,Lodgepole Pine
2061,Douglas-fir
2062,Krummholz
2063,Krummholz
2064,Lodgepole Pine
2065,Douglas-fir
2066,Krummholz
2067,Cottonwood/Willow
2068,Douglas-fir
2069,Spruce/Fir
2070,Douglas-fir
2071,Lodgepole Pine
2072,Lodgepole Pine
2073,Aspen
2074,Ponderosa Pine
2075,Krummholz
2076,Aspen
2077,Spruce/Fir
2078,Krummholz
2079,Krummholz
2080,Krummholz
2081,Douglas-fir
2082,Krummholz
2083,Lodgepole Pine
2084,Aspen
2085,Ponderosa Pine
2086,Spruce/Fir
2087,Aspen
2088,Douglas-fir
2089,Ponderosa Pine
2090,Douglas-fir
2091,Douglas-fir
2092,Cottonwood/Willow
2093,Krummholz
2094,Douglas-fir
2095,Lodgepole Pine
2096,Douglas-fir
2097,Krummholz
2098,Cottonwood/Willow
2099,Aspen
2100,Aspen
2101,Aspen
2102,Aspen
2103,Aspen
2104,Cottonwood/Willow
2105,Ponderosa Pine
2106,Ponderosa Pine
2107,Ponderosa Pine
2108,Ponderosa Pine
2109,Cottonwood/Willow
2110,Douglas-fir
2111,Ponderosa Pine
2112,Douglas-fir
2113,Aspen
2114,Aspen
2115,Douglas-fir
2116,Ponderosa Pine
2117,Lodgepole Pine
2118,Cottonwood/Willow
2119,Spruce/Fir
2120,Cottonwood/Willow
2121,Krummholz
2122,Douglas-fir
2123,Spruce/Fir
2124,Spruce/Fir
2125,Aspen
2126,Aspen
2127,Cottonwood/Willow
2128,Spruce/Fir
2129,Krummholz
2130,Ponderosa Pine
2131,Spruce/Fir
2132,Cottonwood/Willow
2133,Douglas-fir
2134,Spruce/Fir
2135,Douglas-fir
2136,Spruce/Fir
2137,Ponderosa Pine
2138,Aspen
2139,Spruce/Fir
2140,Krummholz
2141,Douglas-fir
2142,Krummholz
2143,Aspen
2144,Ponderosa Pine
2145,Spruce/Fir
2146,Lodgepole Pine
2147,Cottonwood/Willow
2148,Spruce/Fir
2149,Douglas-fir
2150,Cottonwood/Willow
2151,Aspen
2152,Douglas-fir
2153,Aspen
2154,Cottonwood/Willow
2155,Aspen
2156,Aspen
2157,Krummholz
2158,Krummholz
2159,Cottonwood/Willow
2160,Aspen
2161,Cottonwood/Willow
2162,Lodgepole Pine
2163,Krummholz
2164,Douglas-fir
2165,Lodgepole Pine
2166,Krummholz
2167,Cottonwood/Willow
2168,Cottonwood/Willow
2169,Douglas-fir
2170,Ponderosa Pine
2171,Douglas-fir
2172,Cottonwood/Willow
2173,Ponderosa Pine
2174,Aspen
2175,Aspen
2176,Cottonwood/Willow
2177,Douglas-fir
2178,Krummholz
2179,Ponderosa Pine
2180,Spruce/Fir
2181,Cottonwood/Willow
2182,Aspen
2183,Spruce/Fir
2184,Douglas-fir
2185,Douglas-fir
2186,Ponderosa Pine
2187,Lodgepole Pine
2188,Douglas-fir
2189,Aspen
2190,Ponderosa Pine
2191,Ponderosa Pine
2192,Lodgepole Pine
2193,Douglas-fir
2194,Cottonwood/Willow
2195,Lodgepole Pine
2196,Cottonwood/Willow
2197,Krummholz
2198,Douglas-fir
2199,Krummholz
2200,Lodgepole Pine
2201,Douglas-fir
2202,Aspen
2203,Krummholz
2204,Ponderosa Pine
2205,Cottonwood/Willow
2206,Aspen
2207,Cottonwood/Willow
2208,Spruce/Fir
2209,Cottonwood/Willow
2210,Lodgepole Pine
2211,Douglas-fir
2212,Spruce/Fir
2213,Krummholz
2214,Krummholz
2215,Ponderosa Pine
2216,Aspen
2217,Lodgepole Pine
2218,Aspen
2219,Krummholz
2220,Lodgepole Pine
2221,Cottonwood/Willow
2222,Douglas-fir
2223,Cottonwood/Willow
2224,Cottonwood/Willow
2225,Krummholz
2226,Aspen
2227,Krummholz
2228,Lodgepole Pine
2229,Douglas-fir
2230,Aspen
2231,Krummholz
2232,Douglas-fir
2233,Douglas-fir
2234,Aspen
2235,Krummholz
2236,Cottonwood/Willow
2237,Krummholz
2238,Cottonwood/Willow
2239,Lodgepole Pine
2240,Ponderosa Pine
2241,Cottonwood/Willow
2242,Lodgepole Pine
2243,Krummholz
2244,Spruce/Fir
2245,Krummholz
2246,Spruce/Fir
2247,Cottonwood/Willow
2248,Spruce/Fir
2249,Krummholz
2250,Lodgepole Pine
2251,Cottonwood/Willow
2252,Lodgepole Pine
2253,Douglas-fir
2254,Lodgepole Pine
2255,Cottonwood/Willow
2256,Cottonwood/Willow
2257,Krummholz
2258,Aspen
2259,Spruce/Fir
2260,Lodgepole Pine
2261,Aspen
2262,Ponderosa Pine
2263,Krummholz
2264,Cottonwood/Willow
2265,Cottonwood/Willow
2266,Cottonwood/Willow
2267,Spruce/Fir
2268,Aspen
2269,Aspen
2270,Cottonwood/Willow
2271,Douglas-fir
2272,Lodgepole Pine
2273,Douglas-fir
2274,Cottonwood/Willow
2275,Ponderosa Pine
2276,Spruce/Fir
2277,Cottonwood/Willow
2278,Spruce/Fir
2279,Cottonwood/Willow
2280,Cottonwood/Willow
2281,Aspen
2282,Krummholz
2283,Lodgepole Pine
2284,Cottonwood/Willow
2285,Ponderosa Pine
2286,Spruce/Fir
2287,Aspen
2288,Spruce/Fir
2289,Krummholz
2290,Ponderosa Pine
2291,Krummholz
2292,Douglas-fir
2293,Spruce/Fir
2294,Lodgepole Pine
2295,Ponderosa Pine
2296,Krummholz
2297,Douglas-fir
2298,Krummholz
2299,Lodgepole Pine
2300,Douglas-fir
2301,Douglas-fir
2302,Ponderosa Pine
2303,Krummholz
2304,Krummholz
2305,Spruce/Fir
2306,Cottonwood/Willow
2307,Cottonwood/Willow
2308,Cottonwood/Willow
2309,Spruce/Fir
2310,Ponderosa Pine
2311,Ponderosa Pine
2312,Cottonwood/Willow
2313,Aspen
2314,Krummholz
2315,Krummholz
2316,Cottonwood/Willow
2317,Ponderosa Pine
2318,Krummholz
2319,Douglas-fir
2320,Krummholz
2321,Douglas-fir
2322,Lodgepole Pine
2323,Ponderosa Pine
2324,Ponderosa Pine
2325,Douglas-fir
2326,Douglas-fir
2327,Spruce/Fir
2328,Krummholz
2329,Krummholz
2330,Spruce/Fir
2331,Aspen
2332,Douglas-fir
2333,Ponderosa Pine
2334,Ponderosa Pine
2335,Lodgepole Pine
2336,Ponderosa Pine
2337,Douglas-fir
2338,Aspen
2339,Douglas-fir
2340,Lodgepole Pine
2341,Spruce/Fir
2342,Krummholz
2343,Cottonwood/Willow
2344,Lodgepole Pine
2345,Aspen
2346,Douglas-fir
2347,Spruce/Fir
2348,Spruce/Fir
2349,Lodgepole Pine
2350,Cottonwood/Willow
2351,Ponderosa Pine
2352,Ponderosa Pine
2353,Cottonwood/Willow
2354,Lodgepole Pine
2355,Cottonwood/Willow
2356,Lodgepole Pine
2357,Spruce/Fir
2358,Cottonwood/Willow
2359,Lodgepole Pine
2360,Aspen
2361,Spruce/Fir
2362,Douglas-fir
2363,Douglas-fir
2364,Lodgepole Pine
2365,Ponderosa Pine
2366,Lodgepole Pine
2367,Aspen
2368,Lodgepole Pine
2369,Ponderosa Pine
2370,Douglas-fir
2371,Aspen
2372,Krummholz
2373,Douglas-fir
2374,Spruce/Fir
2375,Spruce/Fir
2376,Cottonwood/Willow
2377,Lodgepole Pine
2378,Spruce/Fir
2379,Krummholz
2380,Lodgepole Pine
2381,Cottonwood/Willow
2382,Ponderosa Pine
2383,Douglas-fir
2384,Aspen
2385,Cottonwood/Willow
2386,Douglas-fir
2387,Lodgepole Pine
2388,Aspen
2389,Krummholz
2390,Douglas-fir
2391,Krummholz
2392,Lodgepole Pine
2393,Cottonwood/Willow
2394,Ponderosa Pine
2395,Aspen
2396,Lodgepole Pine
2397,Spruce/Fir
2398,Spruce/Fir
2399,Douglas-fir
2400,Cottonwood/Willow
2401,Aspen
2402,Cottonwood/Willow
2403,Spruce/Fir
2404,Krummholz
2405,Lodgepole Pine
2406,Cottonwood/Willow
2407,Douglas-fir
2408,Douglas-fir
2409,Aspen
2410,Aspen
2411,Aspen
2412,Cottonwood/Willow
2413,Ponderosa Pine
2414,Douglas-fir
2415,Ponderosa Pine
2416,Lodgepole Pine
2417,Lodgepole Pine
2418,Spruce/Fir
2419,Cottonwood/Willow
2420,Lodgepole Pine
2421,Ponderosa Pine
2422,Cottonwood/Willow
2423,Lodgepole Pine
2424,Cottonwood/Willow
2425,Spruce/Fir
2426,Aspen
2427,Ponderosa Pine
2428,Ponderosa Pine
2429,Ponderosa Pine
2430,Douglas-fir
2431,Lodgepole Pine
2432,Ponderosa Pine
2433,Ponderosa Pine
2434,Ponderosa Pine
2435,Aspen
2436,Spruce/Fir
2437,Krummholz
2438,Douglas-fir
2439,Ponderosa Pine
2440,Douglas-fir
2441,Douglas-fir
2442,Douglas-fir
2443,Krummholz
2444,Aspen
2445,Cottonwood/Willow
2446,Aspen
2447,Douglas-fir
2448,Ponderosa Pine
2449,Lodgepole Pine
2450,Douglas-fir
2451,Krummholz
2452,Ponderosa Pine
2453,Cottonwood/Willow
2454,Aspen
2455,Aspen
2456,Cottonwood/Willow
2457,Lodgepole Pine
2458,Krummholz
2459,Cottonwood/Willow
2460,Douglas-fir
2461,Ponderosa Pine
2462,Aspen
2463,Cottonwood/Willow
2464,Cottonwood/Willow
2465,Spruce/Fir
2466,Cottonwood/Willow
2467,Lodgepole Pine
2468,Douglas-fir
2469,Lodgepole Pine
2470,Aspen
2471,Krummholz
2472,Krummholz
2473,Douglas-fir
2474,Aspen
2475,Douglas-fir
2476,Cottonwood/Willow
2477,Cottonwood/Willow
2478,Douglas-fir
2479,Ponderosa Pine
2480,Aspen
2481,Ponderosa Pine
2482,Lodgepole Pine
2483,Lodgepole Pine
2484,Krummholz
2485,Aspen
2486,Cottonwood/Willow
2487,Cottonwood/Willow
2488,Ponderosa Pine
2489,Spruce/Fir
2490,Spruce/Fir
2491,Lodgepole Pine
2492,Aspen
2493,Cottonwood/Willow
2494,Douglas-fir
2495,Cottonwood/Willow
2496,Ponderosa Pine
2497,Cottonwood/Willow
2498,Spruce/Fir
2499,Krummholz
2500,Spruce/Fir
2501,Douglas-fir
2502,Cottonwood/Willow
2503,Lodgepole Pine
2504,Spruce/Fir
2505,Cottonwood/Willow
2506,Lodgepole Pine
2507,Douglas-fir
2508,Aspen
2509,Ponderosa Pine
2510,Douglas-fir
2511,Ponderosa Pine
2512,Krummholz
2513,Douglas-fir
2514,Krummholz
2515,Krummholz
2516,Ponderosa Pine
2517,Spruce/Fir
2518,Spruce/Fir
2519,Krummholz
2520,Spruce/Fir
2521,Ponderosa Pine
2522,Lodgepole Pine
2523,Lodgepole Pine
2524,Spruce/Fir
2525,Spruce/Fir
2526,Cottonwood/Willow
2527,Aspen
2528,Spruce/Fir
2529,Spruce/Fir
2530,Lodgepole Pine
2531,Douglas-fir
2532,Ponderosa Pine
2533,Lodgepole Pine
2534,Lodgepole Pine
2535,Cottonwood/Willow
2536,Spruce/Fir
2537,Krummholz
2538,Ponderosa Pine
2539,Cottonwood/Willow
2540,Douglas-fir
2541,Krummholz
2542,Aspen
2543,Krummholz
2544,Aspen
2545,Aspen
2546,Lodgepole Pine
2547,Douglas-fir
2548,Douglas-fir
2549,Krummholz
2550,Spruce/Fir
2551,Lodgepole Pine
2552,Ponderosa Pine
2553,Cottonwood/Willow
2554,Krummholz
2555,Krummholz
2556,Lodgepole Pine
2557,Krummholz
2558,Aspen
2559,Spruce/Fir
2560,Aspen
2561,Douglas-fir
2562,Spruce/Fir
2563,Lodgepole Pine
2564,Douglas-fir
2565,Cottonwood/Willow
2566,Spruce/Fir
2567,Lodgepole Pine
2568,Aspen
2569,Ponderosa Pine
2570,Cottonwood/Willow
2571,Lodgepole Pine
2572,Aspen
2573,Spruce/Fir
2574,Krummholz
2575,Lodgepole Pine
2576,Spruce/Fir
2577,Lodgepole Pine
2578,Aspen
2579,Krummholz
2580,Douglas-fir
2581,Krummholz
2582,Aspen
2583,Cottonwood/Willow
2584,Aspen
2585,Krummholz
2586,Cottonwood/Willow
2587,Spruce/Fir
2588,Douglas-fir
2589,Aspen
2590,Douglas-fir
2591,Douglas-fir
2592,Cottonwood/Willow
2593,Spruce/Fir
2594,Cottonwood/Willow
2595,Cottonwood/Willow
2596,Krummholz
2597,Ponderosa Pine
2598,Douglas-fir
2599,Krummholz
2600,Cottonwood/Willow
2601,Krummholz
2602,Krummholz
2603,Lodgepole Pine
2604,Krummholz
2605,Spruce/Fir
2606,Cottonwood/Willow
2607,Krummholz
2608,Spruce/Fir
2609,Lodgepole Pine
2610,Krummholz
2611,Spruce/Fir
2612,Ponderosa Pine
2613,Ponderosa Pine
2614,Krummholz
2615,Cottonwood/Willow
2616,Douglas-fir
2617,Spruce/Fir
2618,Spruce/Fir
2619,Ponderosa Pine
2620,Lodgepole Pine
2621,Ponderosa Pine
2622,Lodgepole Pine
2623,Douglas-fir
2624,Douglas-fir
2625,Aspen
2626,Krummholz
2627,Aspen
2628,Douglas-fir
2629,Krummholz
2630,Ponderosa Pine
2631,Aspen
2632,Cottonwood/Willow
2633,Krummholz
2634,Aspen
2635,Krummholz
2636,Douglas-fir
2637,Cottonwood/Willow
2638,Douglas-fir
2639,Cottonwood/Willow
2640,Lodgepole Pine
2641,Aspen
2642,Douglas-fir
2643,Spruce/Fir
2644,Spruce/Fir
2645,Douglas-fir
2646,Cottonwood/Willow
2647,Aspen
2648,Lodgepole Pine
2649,Cottonwood/Willow
2650,Spruce/Fir
2651,Cottonwood/Willow
2652,Ponderosa Pine
2653,Cottonwood/Willow
2654,Krummholz
2655,Lodgepole Pine
2656,Spruce/Fir
2657,Cottonwood/Willow
2658,Krummholz
2659,Krummholz
2660,Aspen
2661,Spruce/Fir
2662,Ponderosa Pine
2663,Cottonwood/Willow
2664,Spruce/Fir
2665,Ponderosa Pine
2666,Krummholz
2667,Ponderosa Pine
2668,Krummholz
2669,Ponderosa Pine
2670,Douglas-fir
2671,Spruce/Fir
2672,Cottonwood/Willow
2673,Lodgepole Pine
2674,Cottonwood/Willow
2675,Krummholz
2676,Cottonwood/Willow
2677,Ponderosa Pine
2678,Douglas-fir
2679,Cottonwood/Willow
2680,Cottonwood/Willow
2681,Cottonwood/Willow
2682,Spruce/Fir
2683,Spruce/Fir
2684,Cottonwood/Willow
2685,Lodgepole Pine
2686,Douglas-fir
2687,Douglas-fir
2688,Krummholz
2689,Krummholz
2690,Aspen
2691,Ponderosa Pine
2692,Spruce/Fir
2693,Douglas-fir
2694,Cottonwood/Willow
2695,Ponderosa Pine
2696,Spruce/Fir
2697,Krummholz
2698,Douglas-fir
2699,Spruce/Fir
2700,Aspen
2701,Krummholz
2702,Aspen
2703,Krummholz
2704,Lodgepole Pine
2705,Aspen
2706,Spruce/Fir
2707,Cottonwood/Willow
2708,Cottonwood/Willow
2709,Aspen
2710,Ponderosa Pine
2711,Spruce/Fir
2712,Krummholz
2713,Spruce/Fir
2714,Douglas-fir
2715,Douglas-fir
2716,Lodgepole Pine
2717,Douglas-fir
2718,Lodgepole Pine
2719,Cottonwood/Willow
2720,Cottonwood/Willow
2721,Lodgepole Pine
2722,Aspen
2723,Aspen
2724,Lodgepole Pine
2725,Douglas-fir
2726,Aspen
2727,Aspen
2728,Douglas-fir
2729,Aspen
2730,Cottonwood/Willow
2731,Spruce/Fir
2732,Krummholz
2733,Krummholz
2734,Aspen
2735,Lodgepole Pine
2736,Aspen
2737,Douglas-fir
2738,Douglas-fir
2739,Cottonwood/Willow
2740,Krummholz
2741,Ponderosa Pine
2742,Douglas-fir
2743,Cottonwood/Willow
2744,Douglas-fir
2745,Cottonwood/Willow
2746,Ponderosa Pine
2747,Spruce/Fir
2748,Krummholz
2749,Ponderosa Pine
2750,Douglas-fir
2751,Douglas-fir
2752,Douglas-fir
2753,Aspen
2754,Cottonwood/Willow
2755,Krummholz
2756,Ponderosa Pine
2757,Cottonwood/Willow
2758,Lodgepole Pine
2759,Krummholz
2760,Aspen
2761,Lodgepole Pine
2762,Aspen
2763,Lodgepole Pine
2764,Ponderosa Pine
2765,Aspen
2766,Aspen
2767,Spruce/Fir
2768,Ponderosa Pine
2769,Ponderosa Pine
2770,Krummholz
2771,Spruce/Fir
2772,Spruce/Fir
2773,Douglas-fir
2774,Cottonwood/Willow
2775,Spruce/Fir
2776,Ponderosa Pine
2777,Cottonwood/Willow
2778,Lodgepole Pine
2779,Douglas-fir
2780,Aspen
2781,Krummholz
2782,Douglas-fir
2783,Cottonwood/Willow
2784,Krummholz
2785,Cottonwood/Willow
2786,Lodgepole Pine
2787,Cottonwood/Willow
2788,Ponderosa Pine
2789,Krummholz
2790,Cottonwood/Willow
2791,Cottonwood/Willow
2792,Spruce/Fir
2793,Lodgepole Pine
2794,Krummholz
2795,Spruce/Fir
2796,Spruce/Fir
2797,Douglas-fir
2798,Spruce/Fir
2799,Cottonwood/Willow
2800,Ponderosa Pine
2801,Ponderosa Pine
2802,Aspen
2803,Spruce/Fir
2804,Cottonwood/Willow
2805,Lodgepole Pine
2806,Spruce/Fir
2807,Spruce/Fir
2808,Cottonwood/Willow
2809,Aspen
2810,Lodgepole Pine
2811,Cottonwood/Willow
2812,Lodgepole Pine
2813,Aspen
2814,Aspen
2815,Cottonwood/Willow
2816,Cottonwood/Willow
2817,Ponderosa Pine
2818,Ponderosa Pine
2819,Ponderosa Pine
2820,Spruce/Fir
2821,Krummholz
2822,Aspen
2823,Aspen
2824,Ponderosa Pine
2825,Cottonwood/Willow
2826,Ponderosa Pine
2827,Cottonwood/Willow
2828,Cottonwood/Willow
2829,Aspen
2830,Douglas-fir
2831,Cottonwood/Willow
2832,Cottonwood/Willow
2833,Lodgepole Pine
2834,Cottonwood/Willow
2835,Cottonwood/Willow
2836,Krummholz
2837,Ponderosa Pine
2838,Aspen
2839,Ponderosa Pine
2840,Cottonwood/Willow
2841,Krummholz
2842,Cottonwood/Willow
2843,Aspen
2844,Aspen
2845,Cottonwood/Willow
2846,Aspen
2847,Lodgepole Pine
2848,Lodgepole Pine
2849,Spruce/Fir
2850,Spruce/Fir
2851,Spruce/Fir
2852,Ponderosa Pine
2853,Douglas-fir
2854,Spruce/Fir
2855,Douglas-fir
2856,Cottonwood/Willow
2857,Krummholz
2858,Douglas-fir
2859,Douglas-fir
2860,Krummholz
2861,Douglas-fir
2862,Ponderosa Pine
2863,Cottonwood/Willow
2864,Krummholz
2865,Lodgepole Pine
2866,Ponderosa Pine
2867,Cottonwood/Willow
2868,Spruce/Fir
2869,Douglas-fir
2870,Cottonwood/Willow
2871,Ponderosa Pine
2872,Cottonwood/Willow
2873,Aspen
2874,Cottonwood/Willow
2875,Spruce/Fir
2876,Lodgepole Pine
2877,Cottonwood/Willow
2878,Ponderosa Pine
2879,Krummholz
2880,Aspen
2881,Douglas-fir
2882,Douglas-fir
2883,Aspen
2884,Douglas-fir
2885,Spruce/Fir
2886,Krummholz
2887,Douglas-fir
2888,Douglas-fir
2889,Krummholz
2890,Lodgepole Pine
2891,Douglas-fir
2892,Aspen
2893,Spruce/Fir
2894,Cottonwood/Willow
2895,Aspen
2896,Cottonwood/Willow
2897,Ponderosa Pine
2898,Lodgepole Pine
2899,Lodgepole Pine
2900,Aspen
2901,Cottonwood/Willow
2902,Douglas-fir
2903,Krummholz
2904,Spruce/Fir
2905,Cottonwood/Willow
2906,Spruce/Fir
2907,Cottonwood/Willow
2908,Spruce/Fir
2909,Cottonwood/Willow
2910,Lodgepole Pine
2911,Cottonwood/Willow
2912,Cottonwood/Willow
2913,Lodgepole Pine
2914,Douglas-fir
2915,Aspen
2916,Spruce/Fir
2917,Lodgepole Pine
2918,Aspen
2919,Douglas-fir
2920,Ponderosa Pine
2921,Douglas-fir
2922,Ponderosa Pine
2923,Douglas-fir
2924,Ponderosa Pine
2925,Aspen
2926,Douglas-fir
2927,Aspen
2928,Lodgepole Pine
2929,Aspen
2930,Douglas-fir
2931,Lodgepole Pine
2932,Spruce/Fir
2933,Ponderosa Pine
2934,Douglas-fir
2935,Ponderosa Pine
2936,Spruce/Fir
2937,Lodgepole Pine
2938,Aspen
2939,Cottonwood/Willow
2940,Cottonwood/Willow
2941,Lodgepole Pine
2942,Spruce/Fir
2943,Spruce/Fir
2944,Aspen
2945,Ponderosa Pine
2946,Spruce/Fir
2947,Douglas-fir
2948,Spruce/Fir
2949,Ponderosa Pine
2950,Cottonwood/Willow
2951,Lodgepole Pine
2952,Ponderosa Pine
2953,Krummholz
2954,Aspen
2955,Cottonwood/Willow
2956,Cottonwood/Willow
2957,Ponderosa Pine
2958,Krummholz
2959,Cottonwood/Willow
2960,Aspen
2961,Cottonwood/Willow
2962,Ponderosa Pine
2963,Douglas-fir
2964,Aspen
2965,Ponderosa Pine
2966,Cottonwood/Willow
2967,Spruce/Fir
2968,Krummholz
2969,Krummholz
2970,Krummholz
2971,Aspen
2972,Douglas-fir
2973,Krummholz
2974,Spruce/Fir
2975,Krummholz
2976,Spruce/Fir
2977,Douglas-fir
2978,Spruce/Fir
2979,Spruce/Fir
2980,Aspen
2981,Spruce/Fir
2982,Cottonwood/Willow
2983,Cottonwood/Willow
2984,Lodgepole Pine
2985,Aspen
2986,Krummholz
2987,Douglas-fir
2988,Douglas-fir
2989,Ponderosa Pine
2990,Lodgepole Pine
2991,Lodgepole Pine
2992,Lodgepole Pine
2993,Aspen
2994,Douglas-fir
2995,Krummholz
2996,Krummholz
2997,Krummholz
2998,Krummholz
2999,Cottonwood/Willow
3000,Spruce/Fir
3001,Lodgepole Pine
3002,Aspen
3003,Aspen
3004,Douglas-fir
3005,Aspen
3006,Krummholz
3007,Krummholz
3008,Aspen
3009,Ponderosa Pine
3010,Cottonwood/Willow
3011,Spruce/Fir
3012,Spruce/Fir
3013,Lodgepole Pine
3014,Ponderosa Pine
3015,Krummholz
3016,Ponderosa Pine
3017,Douglas-fir
3018,Krummholz
3019,Lodgepole Pine
3020,Douglas-fir
3021,Aspen
3022,Cottonwood/Willow
3023,Cottonwood/Willow
3024,Ponderosa Pine
3025,Aspen
3026,Lodgepole Pine
3027,Douglas-fir
3028,Krummholz
3029,Aspen
3030,Lodgepole Pine
3031,Lodgepole Pine
3032,Spruce/Fir
3033,Spruce/Fir
3034,Cottonwood/Willow
3035,Aspen
3036,Aspen
3037,Cottonwood/Willow
3038,Douglas-fir
3039,Aspen
3040,Lodgepole Pine
3041,Lodgepole Pine
3042,Spruce/Fir
3043,Krummholz
3044,Krummholz
3045,Lodgepole Pine
3046,Cottonwood/Willow
3047,Cottonwood/Willow
3048,Cottonwood/Willow
3049,Ponderosa Pine
3050,Spruce/Fir
3051,Lodgepole Pine
3052,Cottonwood/Willow
3053,Cottonwood/Willow
3054,Spruce/Fir
3055,Cottonwood/Willow
3056,Douglas-fir
3057,Krummholz
3058,Aspen
3059,Krummholz
3060,Ponderosa Pine
3061,Douglas-fir
3062,Cottonwood/Willow
3063,Cottonwood/Willow
3064,Cottonwood/Willow
3065,Douglas-fir
3066,Ponderosa Pine
3067,Ponderosa Pine
3068,Lodgepole Pine
3069,Krummholz
3070,Lodgepole Pine
3071,Aspen
3072,Ponderosa Pine
3073,Aspen
3074,Aspen
3075,Krummholz
3076,Krummholz
3077,Lodgepole Pine
3078,Spruce/Fir
3079,Krummholz
3080,Cottonwood/Willow
3081,Ponderosa Pine
3082,Cottonwood/Willow
3083,Cottonwood/Willow
3084,Krummholz
3085,Ponderosa Pine
3086,Lodgepole Pine
3087,Aspen
3088,Krummholz
3089,Douglas-fir
3090,Ponderosa Pine
3091,Aspen
3092,Ponderosa Pine
3093,Douglas-fir
3094,Spruce/Fir
3095,Cottonwood/Willow
3096,Douglas-fir
3097,Ponderosa Pine
3098,Cottonwood/Willow
3099,Lodgepole Pine
3100,Ponderosa Pine
3101,Lodgepole Pine
3102,Lodgepole Pine
3103,Krummholz
3104,Spruce/Fir
3105,Lodgepole Pine
3106,Lodgepole Pine
3107,Aspen
3108,Spruce/Fir
3109,Krummholz
3110,Krummholz
3111,Krummholz
3112,Aspen
3113,Cottonwood/Willow
3114,Spruce/Fir
3115,Aspen
3116,Krummholz
3117,Krummholz
3118,Spruce/Fir
3119,Krummholz
3120,Aspen
3121,Lodgepole Pine
3122,Lodgepole Pine
3123,Douglas-fir
3124,Krummholz
3125,Douglas-fir
3126,Lodgepole Pine
3127,Ponderosa Pine
3128,Spruce/Fir
3129,Cottonwood/Willow
3130,Lodgepole Pine
3131,Aspen
3132,Lodgepole Pine
3133,Spruce/Fir
3134,Lodgepole Pine
3135,Cottonwood/Willow
3136,Spruce/Fir
3137,Lodgepole Pine
3138,Spruce/Fir
3139,Cottonwood/Willow
3140,Aspen
3141,Ponderosa Pine
3142,Cottonwood/Willow
3143,Douglas-fir
3144,Spruce/Fir
3145,Lodgepole Pine
3146,Aspen
3147,Lodgepole Pine
3148,Lodgepole Pine
3149,Aspen
3150,Cottonwood/Willow
3151,Ponderosa Pine
3152,Spruce/Fir
3153,Spruce/Fir
3154,Douglas-fir
3155,Krummholz
3156,Cottonwood/Willow
3157,Lodgepole Pine
3158,Ponderosa Pine
3159,Lodgepole Pine
3160,Ponderosa Pine
3161,Krummholz
3162,Aspen
3163,Aspen
3164,Spruce/Fir
3165,Cottonwood/Willow
3166,Ponderosa Pine
3167,Aspen
3168,Aspen
3169,Cottonwood/Willow
3170,Krummholz
3171,Aspen
3172,Spruce/Fir
3173,Krummholz
3174,Douglas-fir
3175,Douglas-fir
3176,Lodgepole Pine
3177,Cottonwood/Willow
3178,Lodgepole Pine
3179,Spruce/Fir
3180,Aspen
3181,Ponderosa Pine
3182,Spruce/Fir
3183,Cottonwood/Willow
3184,Krummholz
3185,Ponderosa Pine
3186,Krummholz
3187,Aspen
3188,Ponderosa Pine
3189,Ponderosa Pine
3190,Cottonwood/Willow
3191,Cottonwood/Willow
3192,Aspen
3193,Ponderosa Pine
3194,Aspen
3195,Krummholz
3196,Ponderosa Pine
3197,Krummholz
3198,Douglas-fir
3199,Aspen
3200,Aspen
3201,Aspen
3202,Aspen
3203,Aspen
3204,Krummholz
3205,Spruce/Fir
3206,Aspen
3207,Cottonwood/Willow
3208,Ponderosa Pine
3209,Lodgepole Pine
3210,Aspen
3211,Lodgepole Pine
3212,Lodgepole Pine
3213,Cottonwood/Willow
3214,Aspen
3215,Aspen
3216,Cottonwood/Willow
3217,Cottonwood/Willow
3218,Cottonwood/Willow
3219,Cottonwood/Willow
3220,Ponderosa Pine
3221,Lodgepole Pine
3222,Ponderosa Pine
3223,Spruce/Fir
3224,Cottonwood/Willow
3225,Douglas-fir
3226,Krummholz
3227,Ponderosa Pine
3228,Cottonwood/Willow
3229,Aspen
3230,Krummholz
3231,Spruce/Fir
3232,Krummholz
3233,Lodgepole Pine
3234,Lodgepole Pine
3235,Krummholz
3236,Douglas-fir
3237,Douglas-fir
3238,Krummholz
3239,Spruce/Fir
3240,Aspen
3241,Lodgepole Pine
3242,Aspen
3243,Krummholz
3244,Krummholz
3245,Douglas-fir
3246,Spruce/Fir
3247,Krummholz
3248,Ponderosa Pine
3249,Lodgepole Pine
3250,Lodgepole Pine
3251,Aspen
3252,Douglas-fir
3253,Douglas-fir
3254,Aspen
3255,Krummholz
3256,Krummholz
3257,Cottonwood/Willow
3258,Aspen
3259,Cottonwood/Willow
3260,Krummholz
3261,Krummholz
3262,Aspen
3263,Krummholz
3264,Krummholz
3265,Krummholz
3266,Aspen
3267,Douglas-fir
3268,Douglas-fir
3269,Cottonwood/Willow
3270,Spruce/Fir
3271,Douglas-fir
3272,Spruce/Fir
3273,Cottonwood/Willow
3274,Aspen
3275,Aspen
3276,Krummholz
3277,Douglas-fir
3278,Douglas-fir
3279,Douglas-fir
3280,Lodgepole Pine
3281,Ponderosa Pine
3282,Krummholz
3283,Douglas-fir
3284,Aspen
3285,Spruce/Fir
3286,Ponderosa Pine
3287,Douglas-fir
3288,Lodgepole Pine
3289,Spruce/Fir
3290,Lodgepole Pine
3291,Douglas-fir
3292,Aspen
3293,Douglas-fir
3294,Krummholz
3295,Cottonwood/Willow
3296,Aspen
3297,Aspen
3298,Krummholz
3299,Spruce/Fir
3300,Lodgepole Pine
3301,Lodgepole Pine
3302,Spruce/Fir
3303,Lodgepole Pine
3304,Aspen
3305,Krummholz
3306,Lodgepole Pine
3307,Ponderosa Pine
3308,Ponderosa Pine
3309,Cottonwood/Willow
3310,Douglas-fir
3311,Krummholz
3312,Spruce/Fir
3313,Lodgepole Pine
3314,Douglas-fir
3315,Cottonwood/Willow
3316,Cottonwood/Willow
3317,Aspen
3318,Krummholz
3319,Spruce/Fir
3320,Krummholz
3321,Krummholz
3322,Spruce/Fir
3323,Douglas-fir
3324,Spruce/Fir
3325,Lodgepole Pine
3326,Ponderosa Pine
3327,Krummholz
3328,Aspen
3329,Cottonwood/Willow
3330,Spruce/Fir
3331,Douglas-fir
3332,Douglas-fir
3333,Spruce/Fir
3334,Spruce/Fir
3335,Krummholz
3336,Douglas-fir
3337,Krummholz
3338,Douglas-fir
3339,Ponderosa Pine
3340,Douglas-fir
3341,Cottonwood/Willow
3342,Douglas-fir
3343,Krummholz
3344,Spruce/Fir
3345,Aspen
3346,Spruce/Fir
3347,Douglas-fir
3348,Aspen
3349,Lodgepole Pine
3350,Ponderosa Pine
3351,Ponderosa Pine
3352,Spruce/Fir
3353,Krummholz
3354,Douglas-fir
3355,Spruce/Fir
3356,Spruce/Fir
3357,Ponderosa Pine
3358,Lodgepole Pine
3359,Cottonwood/Willow
3360,Douglas-fir
3361,Aspen
3362,Ponderosa Pine
3363,Cottonwood/Willow
3364,Ponderosa Pine
3365,Krummholz
3366,Spruce/Fir
3367,Douglas-fir
3368,Krummholz
3369,Ponderosa Pine
3370,Spruce/Fir
3371,Ponderosa Pine
3372,Douglas-fir
3373,Douglas-fir
3374,Aspen
3375,Krummholz
3376,Douglas-fir
3377,Aspen
3378,Spruce/Fir
3379,Aspen
3380,Cottonwood/Willow
3381,Spruce/Fir
3382,Douglas-fir
3383,Lodgepole Pine
3384,Cottonwood/Willow
3385,Douglas-fir
3386,Douglas-fir
3387,Krummholz
3388,Spruce/Fir
3389,Douglas-fir
3390,Krummholz
3391,Aspen
3392,Douglas-fir
3393,Krummholz
3394,Lodgepole Pine
3395,Douglas-fir
3396,Spruce/Fir
3397,Aspen
3398,Lodgepole Pine
3399,Ponderosa Pine
3400,Ponderosa Pine
3401,Aspen
3402,Ponderosa Pine
3403,Douglas-fir
3404,Cottonwood/Willow
3405,Krummholz
3406,Krummholz
3407,Ponderosa Pine
3408,Ponderosa Pine
3409,Ponderosa Pine
3410,Krummholz
3411,Cottonwood/Willow
3412,Douglas-fir
3413,Spruce/Fir
3414,Cottonwood/Willow
3415,Cottonwood/Willow
3416,Douglas-fir
3417,Aspen
3418,Douglas-fir
3419,Ponderosa Pine
3420,Cottonwood/Willow
3421,Ponderosa Pine
3422,Spruce/Fir
3423,Spruce/Fir
3424,Krummholz
3425,Lodgepole Pine
3426,Cottonwood/Willow
3427,Krummholz
3428,Krummholz
3429,Douglas-fir
3430,Lodgepole Pine
3431,Ponderosa Pine
3432,Aspen
3433,Douglas-fir
3434,Ponderosa Pine
3435,Aspen
3436,Ponderosa Pine
3437,Cottonwood/Willow
3438,Douglas-fir
3439,Cottonwood/Willow
3440,Aspen
3441,Krummholz
3442,Douglas-fir
3443,Krummholz
3444,Ponderosa Pine
3445,Spruce/Fir
3446,Spruce/Fir
3447,Spruce/Fir
3448,Krummholz
3449,Spruce/Fir
3450,Krummholz
3451,Douglas-fir
3452,Ponderosa Pine
3453,Aspen
3454,Aspen
3455,Spruce/Fir
3456,Lodgepole Pine
3457,Ponderosa Pine
3458,Ponderosa Pine
3459,Douglas-fir
3460,Spruce/Fir
3461,Douglas-fir
3462,Krummholz
3463,Lodgepole Pine
3464,Douglas-fir
3465,Lodgepole Pine
3466,Lodgepole Pine
3467,Spruce/Fir
3468,Cottonwood/Willow
3469,Ponderosa Pine
3470,Aspen
3471,Aspen
3472,Douglas-fir
3473,Ponderosa Pine
3474,Ponderosa Pine
3475,Spruce/Fir
3476,Ponderosa Pine
3477,Spruce/Fir
3478,Aspen
3479,Lodgepole Pine
3480,Krummholz
3481,Cottonwood/Willow
3482,Krummholz
3483,Spruce/Fir
3484,Douglas-fir
3485,Douglas-fir
3486,Spruce/Fir
3487,Aspen
3488,Cottonwood/Willow
3489,Douglas-fir
3490,Ponderosa Pine
3491,Krummholz
3492,Douglas-fir
3493,Krummholz
3494,Cottonwood/Willow
3495,Lodgepole Pine
3496,Aspen
3497,Cottonwood/Willow
3498,Cottonwood/Willow
3499,Ponderosa Pine
3500,Lodgepole Pine
3501,Douglas-fir
3502,Krummholz
3503,Aspen
3504,Douglas-fir
3505,Ponderosa Pine
3506,Cottonwood/Willow
3507,Spruce/Fir
3508,Cottonwood/Willow
3509,Cottonwood/Willow
3510,Krummholz
3511,Lodgepole Pine
3512,Aspen
3513,Spruce/Fir
3514,Douglas-fir
3515,Spruce/Fir
3516,Cottonwood/Willow
3517,Krummholz
3518,Krummholz
3519,Cottonwood/Willow
3520,Krummholz
3521,Cottonwood/Willow
3522,Krummholz
3523,Krummholz
3524,Krummholz
3525,Krummholz
3526,Krummholz
3527,Cottonwood/Willow
3528,Aspen
3529,Aspen
3530,Spruce/Fir
3531,Douglas-fir
3532,Krummholz
3533,Lodgepole Pine
3534,Lodgepole Pine
3535,Spruce/Fir
3536,Ponderosa Pine
3537,Lodgepole Pine
3538,Krummholz
3539,Douglas-fir
3540,Aspen
3541,Krummholz
3542,Spruce/Fir
3543,Lodgepole Pine
3544,Aspen
3545,Douglas-fir
3546,Ponderosa Pine
3547,Ponderosa Pine
3548,Aspen
3549,Lodgepole Pine
3550,Lodgepole Pine
3551,Cottonwood/Willow
3552,Lodgepole Pine
3553,Krummholz
3554,Krummholz
3555,Krummholz
3556,Ponderosa Pine
3557,Aspen
3558,Ponderosa Pine
3559,Lodgepole Pine
3560,Douglas-fir
3561,Aspen
3562,Cottonwood/Willow
3563,Lodgepole Pine
3564,Ponderosa Pine
3565,Douglas-fir
3566,Cottonwood/Willow
3567,Aspen
3568,Aspen
3569,Cottonwood/Willow
3570,Spruce/Fir
3571,Lodgepole Pine
3572,Lodgepole Pine
3573,Cottonwood/Willow
3574,Douglas-fir
3575,Ponderosa Pine
3576,Lodgepole Pine
3577,Ponderosa Pine
3578,Lodgepole Pine
3579,Douglas-fir
3580,Lodgepole Pine
3581,Cottonwood/Willow
3582,Lodgepole Pine
3583,Lodgepole Pine
3584,Cottonwood/Willow
3585,Douglas-fir
3586,Cottonwood/Willow
3587,Spruce/Fir
3588,Aspen
3589,Krummholz
3590,Spruce/Fir
3591,Douglas-fir
3592,Aspen
3593,Krummholz
3594,Spruce/Fir
3595,Aspen
3596,Krummholz
3597,Lodgepole Pine
3598,Cottonwood/Willow
3599,Spruce/Fir
3600,Aspen
3601,Aspen
3602,Cottonwood/Willow
3603,Aspen
3604,Ponderosa Pine
3605,Cottonwood/Willow
3606,Cottonwood/Willow
3607,Douglas-fir
3608,Spruce/Fir
3609,Douglas-fir
3610,Cottonwood/Willow
3611,Spruce/Fir
3612,Lodgepole Pine
3613,Ponderosa Pine
3614,Cottonwood/Willow
3615,Spruce/Fir
3616,Cottonwood/Willow
3617,Douglas-fir
3618,Aspen
3619,Krummholz
3620,Aspen
3621,Aspen
3622,Lodgepole Pine
3623,Ponderosa Pine
3624,Ponderosa Pine
3625,Cottonwood/Willow
3626,Ponderosa Pine
3627,Douglas-fir
3628,Cottonwood/Willow
3629,Douglas-fir
3630,Aspen
3631,Aspen
3632,Aspen
3633,Krummholz
3634,Krummholz
3635,Lodgepole Pine
3636,Douglas-fir
3637,Douglas-fir
3638,Ponderosa Pine
3639,Lodgepole Pine
3640,Krummholz
3641,Aspen
3642,Lodgepole Pine
3643,Lodgepole Pine
3644,Douglas-fir
3645,Spruce/Fir
3646,Cottonwood/Willow
3647,Ponderosa Pine
3648,Douglas-fir
3649,Aspen
3650,Ponderosa Pine
3651,Spruce/Fir
3652,Lodgepole Pine
3653,Spruce/Fir
3654,Aspen
3655,Ponderosa Pine
3656,Douglas-fir
3657,Krummholz
3658,Krummholz
3659,Ponderosa Pine
3660,Lodgepole Pine
3661,Spruce/Fir
3662,Cottonwood/Willow
3663,Douglas-fir
3664,Ponderosa Pine
3665,Spruce/Fir
3666,Spruce/Fir
3667,Krummholz
3668,Lodgepole Pine
3669,Lodgepole Pine
3670,Krummholz
3671,Ponderosa Pine
3672,Cottonwood/Willow
3673,Aspen
3674,Krummholz
3675,Lodgepole Pine
3676,Lodgepole Pine
3677,Cottonwood/Willow
3678,Douglas-fir
3679,Aspen
3680,Spruce/Fir
3681,Lodgepole Pine
3682,Cottonwood/Willow
3683,Spruce/Fir
3684,Aspen
3685,Ponderosa Pine
3686,Ponderosa Pine
3687,Krummholz
3688,Aspen
3689,Lodgepole Pine
3690,Lodgepole Pine
3691,Ponderosa Pine
3692,Krummholz
3693,Aspen
3694,Cottonwood/Willow
3695,Spruce/Fir
3696,Lodgepole Pine
3697,Ponderosa Pine
3698,Spruce/Fir
3699,Krummholz
3700,Aspen
3701,Douglas-fir
3702,Krummholz
3703,Douglas-fir
3704,Aspen
3705,Krummholz
3706,Douglas-fir
3707,Aspen
3708,Krummholz
3709,Douglas-fir
3710,Krummholz
3711,Cottonwood/Willow
3712,Cottonwood/Willow
3713,Lodgepole Pine
3714,Spruce/Fir
3715,Ponderosa Pine
3716,Ponderosa Pine
3717,Douglas-fir
3718,Lodgepole Pine
3719,Spruce/Fir
3720,Cottonwood/Willow
3721,Douglas-fir
3722,Douglas-fir
3723,Spruce/Fir
3724,Ponderosa Pine
3725,Douglas-fir
3726,Cottonwood/Willow
3727,Lodgepole Pine
3728,Douglas-fir
3729,Ponderosa Pine
3730,Lodgepole Pine
3731,Douglas-fir
3732,Douglas-fir
3733,Ponderosa Pine
3734,Douglas-fir
3735,Lodgepole Pine
3736,Ponderosa Pine
3737,Cottonwood/Willow
3738,Ponderosa Pine
3739,Douglas-fir
3740,Aspen
3741,Aspen
3742,Spruce/Fir
3743,Aspen
3744,Spruce/Fir
3745,Cottonwood/Willow
3746,Cottonwood/Willow
3747,Spruce/Fir
3748,Spruce/Fir
3749,Douglas-fir
3750,Krummholz
3751,Aspen
3752,Lodgepole Pine
3753,Cottonwood/Willow
3754,Aspen
3755,Cottonwood/Willow
3756,Ponderosa Pine
3757,Douglas-fir
3758,Spruce/Fir
3759,Douglas-fir
3760,Ponderosa Pine
3761,Aspen
3762,Ponderosa Pine
3763,Aspen
3764,Ponderosa Pine
3765,Krummholz
3766,Douglas-fir
3767,Douglas-fir
3768,Aspen
3769,Krummholz
3770,Krummholz
3771,Aspen
3772,Aspen
3773,Douglas-fir
3774,Aspen
3775,Cottonwood/Willow
3776,Ponderosa Pine
3777,Lodgepole Pine
3778,Aspen
3779,Lodgepole Pine
3780,Spruce/Fir
3781,Aspen
3782,Krummholz
3783,Krummholz
3784,Aspen
3785,Aspen
3786,Lodgepole Pine
3787,Krummholz
3788,Douglas-fir
3789,Aspen
3790,Krummholz
3791,Aspen
3792,Aspen
3793,Krummholz
3794,Cottonwood/Willow
3795,Ponderosa Pine
3796,Lodgepole Pine
3797,Lodgepole Pine
3798,Ponderosa Pine
3799,Lodgepole Pine
3800,Douglas-fir
3801,Ponderosa Pine
3802,Aspen
3803,Ponderosa Pine
3804,Krummholz
3805,Ponderosa Pine
3806,Krummholz
3807,Aspen
3808,Ponderosa Pine
3809,Douglas-fir
3810,Krummholz
3811,Aspen
3812,Cottonwood/Willow
3813,Spruce/Fir
3814,Aspen
3815,Krummholz
3816,Krummholz
3817,Douglas-fir
3818,Lodgepole Pine
3819,Spruce/Fir
3820,Lodgepole Pine
3821,Cottonwood/Willow
3822,Ponderosa Pine
3823,Aspen
3824,Spruce/Fir
3825,Spruce/Fir
3826,Cottonwood/Willow
3827,Lodgepole Pine
3828,Douglas-fir
3829,Douglas-fir
3830,Aspen
3831,Krummholz
3832,Lodgepole Pine
3833,Lodgepole Pine
3834,Lodgepole Pine
3835,Ponderosa Pine
3836,Douglas-fir
3837,Ponderosa Pine
3838,Lodgepole Pine
3839,Aspen
3840,Cottonwood/Willow
3841,Douglas-fir
3842,Douglas-fir
3843,Spruce/Fir
3844,Spruce/Fir
3845,Lodgepole Pine
3846,Ponderosa Pine
3847,Aspen
3848,Spruce/Fir
3849,Spruce/Fir
3850,Krummholz
3851,Cottonwood/Willow
3852,Ponderosa Pine
3853,Aspen
3854,Aspen
3855,Krummholz
3856,Krummholz
3857,Douglas-fir
3858,Lodgepole Pine
3859,Douglas-fir
3860,Douglas-fir
3861,Lodgepole Pine
3862,Krummholz
3863,Cottonwood/Willow
3864,Krummholz
3865,Douglas-fir
3866,Lodgepole Pine
3867,Krummholz
3868,Ponderosa Pine
3869,Krummholz
3870,Ponderosa Pine
3871,Cottonwood/Willow
3872,Ponderosa Pine
3873,Cottonwood/Willow
3874,Spruce/Fir
3875,Douglas-fir
3876,Ponderosa Pine
3877,Douglas-fir
3878,Douglas-fir
3879,Douglas-fir
3880,Douglas-fir
3881,Ponderosa Pine
3882,Douglas-fir
3883,Cottonwood/Willow
3884,Lodgepole Pine
3885,Lodgepole Pine
3886,Aspen
3887,Ponderosa Pine
3888,Douglas-fir
3889,Lodgepole Pine
3890,Aspen
3891,Aspen
3892,Douglas-fir
3893,Spruce/Fir
3894,Spruce/Fir
3895,Douglas-fir
3896,Aspen
3897,Ponderosa Pine
3898,Spruce/Fir
3899,Aspen
3900,Lodgepole Pine
3901,Ponderosa Pine
3902,Spruce/Fir
3903,Lodgepole Pine
3904,Ponderosa Pine
3905,Lodgepole Pine
3906,Douglas-fir
3907,Douglas-fir
3908,Ponderosa Pine
3909,Aspen
3910,Cottonwood/Willow
3911,Aspen
3912,Krummholz
3913,Douglas-fir
3914,Krummholz
3915,Cottonwood/Willow
3916,Cottonwood/Willow
3917,Douglas-fir
3918,Aspen
3919,Ponderosa Pine
3920,Cottonwood/Willow
3921,Spruce/Fir
3922,Krummholz
3923,Spruce/Fir
3924,Douglas-fir
3925,Douglas-fir
3926,Douglas-fir
3927,Douglas-fir
3928,Aspen
3929,Douglas-fir
3930,Cottonwood/Willow
3931,Cottonwood/Willow
3932,Aspen
3933,Spruce/Fir
3934,Ponderosa Pine
3935,Aspen
3936,Douglas-fir
3937,Aspen
3938,Aspen
3939,Spruce/Fir
3940,Douglas-fir
3941,Ponderosa Pine
3942,Spruce/Fir
3943,Cottonwood/Willow
3944,Lodgepole Pine
3945,Douglas-fir
3946,Lodgepole Pine
3947,Spruce/Fir
3948,Spruce/Fir
3949,Douglas-fir
3950,Krummholz
3951,Ponderosa Pine
3952,Lodgepole Pine
3953,Spruce/Fir
3954,Lodgepole Pine
3955,Aspen
3956,Aspen
3957,Douglas-fir
3958,Douglas-fir
3959,Aspen
3960,Cottonwood/Willow
3961,Krummholz
3962,Ponderosa Pine
3963,Aspen
3964,Aspen
3965,Krummholz
3966,Cottonwood/Willow
3967,Lodgepole Pine
3968,Cottonwood/Willow
3969,Lodgepole Pine
3970,Aspen
3971,Aspen
3972,Lodgepole Pine
3973,Douglas-fir
3974,Ponderosa Pine
3975,Douglas-fir
3976,Spruce/Fir
3977,Cottonwood/Willow
3978,Ponderosa Pine
3979,Ponderosa Pine
3980,Lodgepole Pine
3981,Lodgepole Pine
3982,Douglas-fir
3983,Cottonwood/Willow
3984,Cottonwood/Willow
3985,Krummholz
3986,Cottonwood/Willow
3987,Spruce/Fir
3988,Krummholz
3989,Ponderosa Pine
3990,Spruce/Fir
3991,Lodgepole Pine
3992,Douglas-fir
3993,Cottonwood/Willow
3994,Douglas-fir
3995,Cottonwood/Willow
3996,Douglas-fir
3997,Ponderosa Pine
3998,Krummholz
3999,Krummholz
4000,Aspen
4001,Aspen
4002,Krummholz
4003,Spruce/Fir
4004,Krummholz
4005,Aspen
4006,Krummholz
4007,Douglas-fir
4008,Cottonwood/Willow
4009,Aspen
4010,Aspen
4011,Spruce/Fir
4012,Cottonwood/Willow
4013,Lodgepole Pine
4014,Douglas-fir
4015,Douglas-fir
4016,Lodgepole Pine
4017,Douglas-fir
4018,Ponderosa Pine
4019,Aspen
4020,Douglas-fir
4021,Cottonwood/Willow
4022,Spruce/Fir
4023,Krummholz
4024,Cottonwood/Willow
4025,Douglas-fir
4026,Lodgepole Pine
4027,Douglas-fir
4028,Aspen
4029,Krummholz
4030,Cottonwood/Willow
4031,Lodgepole Pine
4032,Aspen
4033,Aspen
4034,Spruce/Fir
4035,Douglas-fir
4036,Ponderosa Pine
4037,Douglas-fir
4038,Spruce/Fir
4039,Lodgepole Pine
4040,Cottonwood/Willow
4041,Spruce/Fir
4042,Krummholz
4043,Spruce/Fir
4044,Cottonwood/Willow
4045,Ponderosa Pine
4046,Cottonwood/Willow
4047,Lodgepole Pine
4048,Ponderosa Pine
4049,Ponderosa Pine
4050,Cottonwood/Willow
4051,Aspen
4052,Spruce/Fir
4053,Spruce/Fir
4054,Douglas-fir
4055,Lodgepole Pine
4056,Spruce/Fir
4057,Cottonwood/Willow
4058,Douglas-fir
4059,Aspen
4060,Lodgepole Pine
4061,Lodgepole Pine
4062,Ponderosa Pine
4063,Spruce/Fir
4064,Aspen
4065,Ponderosa Pine
4066,Cottonwood/Willow
4067,Spruce/Fir
4068,Krummholz
4069,Ponderosa Pine
4070,Aspen
4071,Douglas-fir
4072,Cottonwood/Willow
4073,Krummholz
4074,Krummholz
4075,Douglas-fir
4076,Douglas-fir
4077,Cottonwood/Willow
4078,Ponderosa Pine
4079,Lodgepole Pine
4080,Ponderosa Pine
4081,Krummholz
4082,Douglas-fir
4083,Krummholz
4084,Spruce/Fir
4085,Aspen
4086,Lodgepole Pine
4087,Krummholz
4088,Spruce/Fir
4089,Cottonwood/Willow
4090,Aspen
4091,Douglas-fir
4092,Aspen
4093,Cottonwood/Willow
4094,Lodgepole Pine
4095,Krummholz
4096,Lodgepole Pine
4097,Aspen
4098,Douglas-fir
4099,Douglas-fir
4100,Aspen
4101,Krummholz
4102,Ponderosa Pine
4103,Douglas-fir
4104,Spruce/Fir
4105,Aspen
4106,Cottonwood/Willow
4107,Aspen
4108,Krummholz
4109,Lodgepole Pine
4110,Lodgepole Pine
4111,Cottonwood/Willow
4112,Ponderosa Pine
4113,Cottonwood/Willow
4114,Lodgepole Pine
4115,Ponderosa Pine
4116,Lodgepole Pine
4117,Lodgepole Pine
4118,Cottonwood/Willow
4119,Douglas-fir
4120,Aspen
4121,Cottonwood/Willow
4122,Cottonwood/Willow
4123,Spruce/Fir
4124,Douglas-fir
4125,Krummholz
4126,Aspen
4127,Ponderosa Pine
4128,Krummholz
4129,Cottonwood/Willow
4130,Douglas-fir
4131,Lodgepole Pine
4132,Lodgepole Pine
4133,Ponderosa Pine
4134,Aspen
4135,Douglas-fir
4136,Cottonwood/Willow
4137,Cottonwood/Willow
4138,Krummholz
4139,Ponderosa Pine
4140,Cottonwood/Willow
4141,Ponderosa Pine
4142,Ponderosa Pine
4143,Douglas-fir
4144,Douglas-fir
4145,Spruce/Fir
4146,Ponderosa Pine
4147,Cottonwood/Willow
4148,Krummholz
4149,Ponderosa Pine
4150,Ponderosa Pine
4151,Douglas-fir
4152,Krummholz
4153,Aspen
4154,Cottonwood/Willow
4155,Douglas-fir
4156,Aspen
4157,Ponderosa Pine
4158,Aspen
4159,Krummholz
4160,Spruce/Fir
4161,Ponderosa Pine
4162,Ponderosa Pine
4163,Aspen
4164,Spruce/Fir
4165,Aspen
4166,Spruce/Fir
4167,Krummholz
4168,Ponderosa Pine
4169,Cottonwood/Willow
4170,Spruce/Fir
4171,Aspen
4172,Spruce/Fir
4173,Aspen
4174,Krummholz
4175,Spruce/Fir
4176,Ponderosa Pine
4177,Cottonwood/Willow
4178,Aspen
4179,Douglas-fir
4180,Cottonwood/Willow
4181,Aspen
4182,Cottonwood/Willow
4183,Krummholz
4184,Krummholz
4185,Douglas-fir
4186,Douglas-fir
4187,Aspen
4188,Ponderosa Pine
4189,Douglas-fir
4190,Ponderosa Pine
4191,Aspen
4192,Douglas-fir
4193,Aspen
4194,Spruce/Fir
4195,Aspen
4196,Krummholz
4197,Spruce/Fir
4198,Krummholz
4199,Lodgepole Pine
4200,Aspen
4201,Spruce/Fir
4202,Lodgepole Pine
4203,Lodgepole Pine
4204,Douglas-fir
4205,Ponderosa Pine
4206,Lodgepole Pine
4207,Aspen
4208,Douglas-fir
4209,Douglas-fir
4210,Douglas-fir
4211,Cottonwood/Willow
4212,Lodgepole Pine
4213,Ponderosa Pine
4214,Ponderosa Pine
4215,Ponderosa Pine
4216,Cottonwood/Willow
4217,Spruce/Fir
4218,Cottonwood/Willow
4219,Krummholz
4220,Spruce/Fir
4221,Krummholz
4222,Lodgepole Pine
4223,Krummholz
4224,Krummholz
4225,Spruce/Fir
4226,Spruce/Fir
4227,Douglas-fir
4228,Spruce/Fir
4229,Krummholz
4230,Douglas-fir
4231,Cottonwood/Willow
4232,Ponderosa Pine
4233,Ponderosa Pine
4234,Aspen
4235,Lodgepole Pine
4236,Douglas-fir
4237,Spruce/Fir
4238,Douglas-fir
4239,Ponderosa Pine
4240,Krummholz
4241,Spruce/Fir
4242,Aspen
4243,Krummholz
4244,Spruce/Fir
4245,Cottonwood/Willow
4246,Cottonwood/Willow
4247,Spruce/Fir
4248,Aspen
4249,Cottonwood/Willow
4250,Ponderosa Pine
4251,Aspen
4252,Ponderosa Pine
4253,Aspen
4254,Spruce/Fir
4255,Ponderosa Pine
4256,Spruce/Fir
4257,Cottonwood/Willow
4258,Cottonwood/Willow
4259,Douglas-fir
4260,Douglas-fir
4261,Aspen
4262,Cottonwood/Willow
4263,Lodgepole Pine
4264,Ponderosa Pine
4265,Cottonwood/Willow
4266,Ponderosa Pine
4267,Aspen
4268,Cottonwood/Willow
4269,Cottonwood/Willow
4270,Ponderosa Pine
4271,Aspen
4272,Lodgepole Pine
4273,Krummholz
4274,Cottonwood/Willow
4275,Douglas-fir
4276,Lodgepole Pine
4277,Douglas-fir
4278,Cottonwood/Willow
4279,Spruce/Fir
4280,Ponderosa Pine
4281,Ponderosa Pine
4282,Spruce/Fir
4283,Spruce/Fir
4284,Ponderosa Pine
4285,Spruce/Fir
4286,Ponderosa Pine
4287,Aspen
4288,Krummholz
4289,Spruce/Fir
4290,Ponderosa Pine
4291,Lodgepole Pine
4292,Spruce/Fir
4293,Spruce/Fir
4294,Spruce/Fir
4295,Lodgepole Pine
4296,Krummholz
4297,Krummholz
4298,Ponderosa Pine
4299,Cottonwood/Willow
4300,Spruce/Fir
4301,Aspen
4302,Douglas-fir
4303,Lodgepole Pine
4304,Douglas-fir
4305,Aspen
4306,Aspen
4307,Cottonwood/Willow
4308,Ponderosa Pine
4309,Spruce/Fir
4310,Ponderosa Pine
4311,Aspen
4312,Krummholz
4313,Cottonwood/Willow
4314,Lodgepole Pine
4315,Aspen
4316,Cottonwood/Willow
4317,Douglas-fir
4318,Cottonwood/Willow
4319,Cottonwood/Willow
4320,Cottonwood/Willow
4321,Douglas-fir
4322,Aspen
4323,Krummholz
4324,Lodgepole Pine
4325,Cottonwood/Willow
4326,Cottonwood/Willow
4327,Lodgepole Pine
4328,Ponderosa Pine
4329,Spruce/Fir
4330,Aspen
4331,Ponderosa Pine
4332,Douglas-fir
4333,Spruce/Fir
4334,Aspen
4335,Ponderosa Pine
4336,Krummholz
4337,Krummholz
4338,Cottonwood/Willow
4339,Ponderosa Pine
4340,Cottonwood/Willow
4341,Ponderosa Pine
4342,Cottonwood/Willow
4343,Douglas-fir
4344,Aspen
4345,Cottonwood/Willow
4346,Aspen
4347,Ponderosa Pine
4348,Aspen
4349,Cottonwood/Willow
4350,Spruce/Fir
4351,Cottonwood/Willow
4352,Krummholz
4353,Krummholz
4354,Ponderosa Pine
4355,Douglas-fir
4356,Cottonwood/Willow
4357,Cottonwood/Willow
4358,Douglas-fir
4359,Lodgepole Pine
4360,Spruce/Fir
4361,Spruce/Fir
4362,Spruce/Fir
4363,Cottonwood/Willow
4364,Spruce/Fir
4365,Ponderosa Pine
4366,Aspen
4367,Douglas-fir
4368,Krummholz
4369,Douglas-fir
4370,Aspen
4371,Spruce/Fir
4372,Aspen
4373,Lodgepole Pine
4374,Spruce/Fir
4375,Krummholz
4376,Aspen
4377,Aspen
4378,Cottonwood/Willow
4379,Cottonwood/Willow
4380,Douglas-fir
4381,Cottonwood/Willow
4382,Cottonwood/Willow
4383,Ponderosa Pine
4384,Ponderosa Pine
4385,Aspen
4386,Spruce/Fir
4387,Cottonwood/Willow
4388,Lodgepole Pine
4389,Cottonwood/Willow
4390,Cottonwood/Willow
4391,Cottonwood/Willow
4392,Cottonwood/Willow
4393,Douglas-fir
4394,Aspen
4395,Douglas-fir
4396,Cottonwood/Willow
4397,Cottonwood/Willow
4398,Aspen
4399,Aspen
4400,Cottonwood/Willow
4401,Ponderosa Pine
4402,Krummholz
4403,Douglas-fir
4404,Spruce/Fir
4405,Lodgepole Pine
4406,Krummholz
4407,Krummholz
4408,Krummholz
4409,Lodgepole Pine
4410,Aspen
4411,Douglas-fir
4412,Aspen
4413,Douglas-fir
4414,Aspen
4415,Ponderosa Pine
4416,Spruce/Fir
4417,Lodgepole Pine
4418,Spruce/Fir
4419,Krummholz
4420,Douglas-fir
4421,Lodgepole Pine
4422,Spruce/Fir
4423,Aspen
4424,Ponderosa Pine
4425,Cottonwood/Willow
4426,Lodgepole Pine
4427,Krummholz
4428,Spruce/Fir
4429,Lodgepole Pine
4430,Douglas-fir
4431,Spruce/Fir
4432,Aspen
4433,Douglas-fir
4434,Cottonwood/Willow
4435,Aspen
4436,Ponderosa Pine
4437,Douglas-fir
4438,Douglas-fir
4439,Krummholz
4440,Douglas-fir
4441,Spruce/Fir
4442,Cottonwood/Willow
4443,Aspen
4444,Ponderosa Pine
4445,Cottonwood/Willow
4446,Douglas-fir
4447,Douglas-fir
4448,Krummholz
4449,Ponderosa Pine
4450,Aspen
4451,Spruce/Fir
4452,Aspen
4453,Spruce/Fir
4454,Ponderosa Pine
4455,Krummholz
4456,Cottonwood/Willow
4457,Cottonwood/Willow
4458,Spruce/Fir
4459,Cottonwood/Willow
4460,Aspen
4461,Aspen
4462,Spruce/Fir
4463,Douglas-fir
4464,Aspen
4465,Ponderosa Pine
4466,Krummholz
4467,Spruce/Fir
4468,Spruce/Fir
4469,Lodgepole Pine
4470,Lodgepole Pine
4471,Ponderosa Pine
4472,Aspen
4473,Ponderosa Pine
4474,Douglas-fir
4475,Krummholz
4476,Aspen
4477,Aspen
4478,Krummholz
4479,Douglas-fir
4480,Aspen
4481,Douglas-fir
4482,Lodgepole Pine
4483,Ponderosa Pine
4484,Spruce/Fir
4485,Krummholz
4486,Lodgepole Pine
4487,Krummholz
4488,Ponderosa Pine
4489,Douglas-fir
4490,Douglas-fir
4491,Spruce/Fir
4492,Douglas-fir
4493,Aspen
4494,Krummholz
4495,Aspen
4496,Cottonwood/Willow
4497,Lodgepole Pine
4498,Lodgepole Pine
4499,Krummholz
4500,Douglas-fir
4501,Cottonwood/Willow
4502,Lodgepole Pine
4503,Krummholz
4504,Lodgepole Pine
4505,Cottonwood/Willow
4506,Aspen
4507,Krummholz
4508,Aspen
4509,Krummholz
4510,Lodgepole Pine
4511,Cottonwood/Willow
4512,Lodgepole Pine
4513,Cottonwood/Willow
4514,Spruce/Fir
4515,Lodgepole Pine
4516,Douglas-fir
4517,Ponderosa Pine
4518,Aspen
4519,Lodgepole Pine
4520,Cottonwood/Willow
4521,Aspen
4522,Lodgepole Pine
4523,Aspen
4524,Aspen
4525,Ponderosa Pine
4526,Cottonwood/Willow
4527,Aspen
4528,Douglas-fir
4529,Lodgepole Pine
4530,Cottonwood/Willow
4531,Krummholz
4532,Spruce/Fir
4533,Cottonwood/Willow
4534,Spruce/Fir
4535,Krummholz
